Workbook

Sheet TEST-CASE
A1: QualityTrack — MVP · Matriz de Casos de Prueba QA para ejecución · Fases A-B-C-D · Versión 2.0 · Responsable QA: María Chiribao · Estado: Baseline validada / NOT RUN
A2: EPICS | B2: EPIC DESCRIPTION | C2: REQUERIMIENTO | D2: FEATURES | E2: FEATURE DESCRIPTION | F2: USER STORY | G2: SCENARIO | H2: ID TC | I2: ID EP | J2: ID F | K2: ID US | L2: Title | M2: Description | N2: Priority | O2: Type | P2: Pre-requisites | Q2: Test Data | R2: Acceptance Criteria | S2: Steps | T2: Expected Result | U2: Result | V2: Status | W2: Evidence | X2: Comments | Y2: Defect ID | Z2: Severity | AA2: Alineación | AB2: Fuente / PR | AC2: Clasificación QA
A3: Épica 1 — Vendedor | B3: Circuito comercial del Vendedor: registro de solicitudes y gestión de cotizaciones derivadas. | C3: FUNCIONAL | D3: Levantar pedido | E3: Levantar pedido | F3: HU-1.1 — Levantar pedido | G3: Registrar una solicitud con todos los datos obligatorios válidos | H3: TC-A-1.1-01 | I3: EP-01 | J3: F-01 | K3: HU-1.1 | L3: Registrar una solicitud con todos los datos obligatorios válidos | M3: La solicitud se registra correctamente con los datos obligatorios informados. | N3: CRITICAL | O3: FUNCTIONAL | P3: Usuario Vendedor autenticado; formulario de solicitud disponible. | Q3: Cliente nuevo con razón social, CUIT, nombre de contacto, dirección, teléfono y email válidos; descripción de pieza/trabajo válida; cantidad = 1 | R3: La solicitud se registra correctamente con los datos obligatorios informados. | S3: 1. Ingresar los datos del cliente. 2. Ingresar descripción. 3. Informar cantidad. 4. Guardar solicitud. | T3: La solicitud se registra correctamente con los datos obligatorios informados. | U3: PASS | V3: PASS | W3: TC-A-1.1-01 | X3: Modificado: Los datos del cliente nuevo incluyen CUIT, contacto y email, todos obligatorios. (ref. D-4) | AA3: OFICIAL / BASELINE | AB3: PRD V2 + Backlog V2 + DB V2 + QA | AC3: Caso del alcance
A4: Épica 1 — Vendedor | B4: Circuito comercial del Vendedor: registro de solicitudes y gestión de cotizaciones derivadas. | C4: FUNCIONAL | D4: Levantar pedido | E4: Levantar pedido | F4: HU-1.1 — Levantar pedido | G4: Registrar solicitud sin razón social | H4: TC-A-1.1-02 | I4: EP-01 | J4: F-01 | K4: HU-1.1 | L4: Registrar solicitud sin razón social | M4: La solicitud no debe registrarse porque la razón social es obligatoria. | N4: HIGH | O4: NEGATIVE | P4: Usuario Vendedor autenticado; formulario de solicitud disponible. | Q4: Dirección y teléfono válidos; descripción válida; cantidad = 1; razón social vacía | R4: La solicitud no debe registrarse porque la razón social es obligatoria. | S4: 1. Completar los campos restantes. 2. Dejar razón social vacía. 3. Intentar guardar. | T4: La solicitud no debe registrarse porque la razón social es obligatoria. | U4: PASS | V4: PASS | W4: TC-A-1.1-02 | AA4: OFICIAL / BASELINE | AB4: PRD V2 + Backlog V2 + DB V2 + QA | AC4: Caso del alcance
A5: Épica 1 — Vendedor | B5: Circuito comercial del Vendedor: registro de solicitudes y gestión de cotizaciones derivadas. | C5: FUNCIONAL | D5: Levantar pedido | E5: Levantar pedido | F5: HU-1.1 — Levantar pedido | G5: Registrar cliente nuevo sin dirección | H5: TC-A-1.1-03 | I5: EP-01 | J5: F-01 | K5: HU-1.1 | L5: Registrar cliente nuevo sin dirección | M5: La solicitud no se registra y el sistema señala que falta la dirección, que es obligatoria. | N5: MEDIUM | O5: NEGATIVE | P5: Usuario Vendedor autenticado; formulario de solicitud disponible. | Q5: Razón social, CUIT, contacto, teléfono y email válidos; descripción válida; cantidad = 1; dirección vacía | R5: La solicitud no se registra y el sistema señala que falta la dirección, que es obligatoria. | S5: 1. Completar los campos restantes. 2. Dejar dirección vacía. 3. Intentar guardar. | T5: La solicitud no se registra y el sistema señala que falta la dirección, que es obligatoria. | U5: PASS | V5: PASS | W5: TC-A-1.1-03 | X5: Modificado: Sin dirección, la solicitud no se registra. (ref. D-4) | AA5: OFICIAL / BASELINE | AB5: PRD V2 + Backlog V2 + DB V2 + QA | AC5: Caso del alcance
A6: Épica 1 — Vendedor | B6: Circuito comercial del Vendedor: registro de solicitudes y gestión de cotizaciones derivadas. | C6: FUNCIONAL | D6: Levantar pedido | E6: Levantar pedido | F6: HU-1.1 — Levantar pedido | G6: Registrar cliente nuevo sin teléfono | H6: TC-A-1.1-04 | I6: EP-01 | J6: F-01 | K6: HU-1.1 | L6: Registrar cliente nuevo sin teléfono | M6: La solicitud no se registra y el sistema señala que falta el teléfono, que es obligatorio. | N6: MEDIUM | O6: NEGATIVE | P6: Usuario Vendedor autenticado; formulario de solicitud disponible. | Q6: Razón social, CUIT, contacto, dirección y email válidos; descripción válida; cantidad = 1; teléfono vacío | R6: La solicitud no se registra y el sistema señala que falta el teléfono, que es obligatorio. | S6: 1. Completar los campos restantes. 2. Dejar teléfono vacío. 3. Intentar guardar. | T6: La solicitud no se registra y el sistema señala que falta el teléfono, que es obligatorio. | U6: PASS | V6: PASS | W6: TC-A-1.1-04 | X6: Modificado: Sin teléfono, la solicitud no se registra. (ref. D-4) | AA6: OFICIAL / BASELINE | AB6: PRD V2 + Backlog V2 + DB V2 + QA | AC6: Caso del alcance
A7: Épica 1 — Vendedor | B7: Circuito comercial del Vendedor: registro de solicitudes y gestión de cotizaciones derivadas. | C7: FUNCIONAL | D7: Levantar pedido | E7: Levantar pedido | F7: HU-1.1 — Levantar pedido | G7: Registrar solicitud sin descripción de pieza/trabajo | H7: TC-A-1.1-05 | I7: EP-01 | J7: F-01 | K7: HU-1.1 | L7: Registrar solicitud sin descripción de pieza/trabajo | M7: La solicitud no debe registrarse porque la descripción de pieza/trabajo es obligatoria. | N7: CRITICAL | O7: NEGATIVE | P7: Usuario Vendedor autenticado; formulario de solicitud disponible. | Q7: Datos del cliente válidos; descripción vacía; cantidad = 1 | R7: La solicitud no debe registrarse porque la descripción de pieza/trabajo es obligatoria. | S7: 1. Completar los datos del cliente. 2. Dejar descripción vacía. 3. Informar cantidad. 4. Intentar guardar. | T7: La solicitud no debe registrarse porque la descripción de pieza/trabajo es obligatoria. | U7: PASS | V7: PASS | W7: TC-A-1.1-05 | AA7: OFICIAL / BASELINE | AB7: PRD V2 + Backlog V2 + DB V2 + QA | AC7: Caso del alcance
A8: Épica 1 — Vendedor | B8: Circuito comercial del Vendedor: registro de solicitudes y gestión de cotizaciones derivadas. | C8: FUNCIONAL | D8: Levantar pedido | E8: Levantar pedido | F8: HU-1.1 — Levantar pedido | G8: Registrar solicitud sin cantidad | H8: TC-A-1.1-06 | I8: EP-01 | J8: F-01 | K8: HU-1.1 | L8: Registrar solicitud sin cantidad | M8: La solicitud no debe registrarse porque la cantidad es obligatoria. | N8: CRITICAL | O8: NEGATIVE | P8: Usuario Vendedor autenticado; formulario de solicitud disponible. | Q8: Datos del cliente válidos; descripción válida; cantidad no informada | R8: La solicitud no debe registrarse porque la cantidad es obligatoria. | S8: 1. Completar los datos obligatorios del cliente. 2. Informar descripción. 3. No informar cantidad. 4. Intentar guardar. | T8: La solicitud no debe registrarse porque la cantidad es obligatoria. | U8: PASS | V8: PASS | W8: TC-A-1.1-06 | AA8: OFICIAL / BASELINE | AB8: PRD V2 + Backlog V2 + DB V2 + QA | AC8: Caso del alcance
A9: Épica 1 — Vendedor | B9: Circuito comercial del Vendedor: registro de solicitudes y gestión de cotizaciones derivadas. | C9: FUNCIONAL | D9: Levantar pedido | E9: Levantar pedido | F9: HU-1.1 — Levantar pedido | G9: Registrar solicitud con cantidad igual a 0 | H9: TC-A-1.1-07 | I9: EP-01 | J9: F-01 | K9: HU-1.1 | L9: Registrar solicitud con cantidad igual a 0 | M9: La solicitud no debe registrarse porque la cantidad debe ser mayor que 0. | N9: HIGH | O9: NEGATIVE | P9: Usuario Vendedor autenticado; formulario de solicitud disponible. | Q9: Datos del cliente válidos; descripción válida; cantidad = 0 | R9: La solicitud no debe registrarse porque la cantidad debe ser mayor que 0. | S9: 1. Completar los datos obligatorios. 2. Informar cantidad = 0. 3. Intentar guardar. | T9: La solicitud no debe registrarse porque la cantidad debe ser mayor que 0. | U9: PASS | V9: PASS | W9: TC-A-1.1-07 | AA9: OFICIAL / BASELINE | AB9: PRD V2 + Backlog V2 + DB V2 + QA | AC9: Caso del alcance
A10: Épica 1 — Vendedor | B10: Circuito comercial del Vendedor: registro de solicitudes y gestión de cotizaciones derivadas. | C10: FUNCIONAL | D10: Levantar pedido | E10: Levantar pedido | F10: HU-1.1 — Levantar pedido | G10: Registrar solicitud con cantidad negativa | H10: TC-A-1.1-08 | I10: EP-01 | J10: F-01 | K10: HU-1.1 | L10: Registrar solicitud con cantidad negativa | M10: La solicitud no debe registrarse porque la cantidad debe ser mayor que 0. | N10: HIGH | O10: NEGATIVE | P10: Usuario Vendedor autenticado; formulario de solicitud disponible. | Q10: Datos del cliente válidos; descripción válida; cantidad < 0 | R10: La solicitud no debe registrarse porque la cantidad debe ser mayor que 0. | S10: 1. Completar los datos obligatorios. 2. Informar una cantidad negativa. 3. Intentar guardar. | T10: La solicitud no debe registrarse porque la cantidad debe ser mayor que 0. | U10: PASS | V10: PASS | W10: TC-A-1.1-08 | AA10: OFICIAL / BASELINE | AB10: PRD V2 + Backlog V2 + DB V2 + QA | AC10: Caso del alcance
A11: Épica 1 — Vendedor | B11: Circuito comercial del Vendedor: registro de solicitudes y gestión de cotizaciones derivadas. | C11: FUNCIONAL | D11: Levantar pedido | E11: Levantar pedido | F11: HU-1.1 — Levantar pedido | G11: Registrar solicitud con cantidad válida mayor que 0 | H11: TC-A-1.1-09 | I11: EP-01 | J11: F-01 | K11: HU-1.1 | L11: Registrar solicitud con cantidad válida mayor que 0 | M11: La solicitud se registra correctamente con la cantidad informada. | N11: HIGH | O11: FUNCTIONAL | P11: Usuario Vendedor autenticado; formulario de solicitud disponible. | Q11: Datos del cliente válidos; descripción válida; cantidad > 0 | R11: La solicitud se registra correctamente con la cantidad informada. | S11: 1. Completar los datos obligatorios. 2. Informar una cantidad mayor que 0. 3. Guardar. | T11: La solicitud se registra correctamente con la cantidad informada. | U11: PASS | V11: PASS | W11: TC-A-1.1-09 | AA11: OFICIAL / BASELINE | AB11: PRD V2 + Backlog V2 + DB V2 + QA | AC11: Caso del alcance
A12: Épica 1 — Vendedor | B12: Circuito comercial del Vendedor: registro de solicitudes y gestión de cotizaciones derivadas. | C12: FUNCIONAL | D12: Levantar pedido | E12: Levantar pedido | F12: HU-1.1 — Levantar pedido | G12: Verificar estado inicial de la solicitud | H12: TC-A-1.1-10 | I12: EP-01 | J12: F-01 | K12: HU-1.1 | L12: Verificar estado inicial de la solicitud | M12: La solicitud queda registrada con estado PENDIENTE_COTIZACION. | N12: CRITICAL | O12: FUNCTIONAL | P12: Usuario Vendedor autenticado; formulario de solicitud disponible. | Q12: Solicitud creada con todos los datos obligatorios válidos | R12: La solicitud queda registrada con estado PENDIENTE_COTIZACION. | S12: 1. Registrar la solicitud. 2. Consultar su estado. | T12: La solicitud queda registrada con estado PENDIENTE_COTIZACION. | U12: PASS | V12: PASS | W12: TC-A-1.1-10 | X12: pendiente de cotizacion | AA12: OFICIAL / BASELINE | AB12: PRD V2 + Backlog V2 + DB V2 + QA | AC12: Caso del alcance
A13: Épica 1 — Vendedor | B13: Circuito comercial del Vendedor: registro de solicitudes y gestión de cotizaciones derivadas. | C13: FUNCIONAL | D13: Levantar pedido | E13: Levantar pedido | F13: HU-1.1 — Levantar pedido | G13: Verificar persistencia de los datos registrados | H13: TC-A-1.1-11 | I13: EP-01 | J13: F-01 | K13: HU-1.1 | L13: Verificar persistencia de los datos registrados | M13: Los datos registrados permanecen disponibles y consistentes después de la creación. | N13: HIGH | O13: INTEGRATION | P13: Usuario Vendedor autenticado; formulario de solicitud disponible. | Q13: Solicitud válida con datos completos | R13: Los datos registrados permanecen disponibles y consistentes después de la creación. | S13: 1. Registrar solicitud. 2. Consultar posteriormente la solicitud. 3. Comparar los datos registrados. | T13: Los datos registrados permanecen disponibles y consistentes después de la creación. | U13: PASS | V13: PASS | W13: TC-A-1.1-11 | AA13: OFICIAL / BASELINE | AB13: PRD V2 + Backlog V2 + DB V2 + QA | AC13: Caso del alcance
A14: Épica 1 — Vendedor | B14: Circuito comercial del Vendedor: registro de solicitudes y gestión de cotizaciones derivadas. | C14: FUNCIONAL | D14: Levantar pedido | E14: Levantar pedido | F14: HU-1.1 — Levantar pedido | G14: Registrar solicitud con cliente ya registrado | H14: TC-A-1.1-12 | I14: EP-01 | J14: F-01 | K14: HU-1.1 | L14: Registrar solicitud con cliente ya registrado | M14: La solicitud se registra correctamente asociada al cliente existente mediante su cliente_id. | N14: CRITICAL | O14: INTEGRATION | P14: Usuario Vendedor autenticado; formulario de solicitud disponible. | Q14: cliente_id válido correspondiente a un cliente existente; descripción válida; cantidad = 1 | R14: La solicitud se registra correctamente asociada al cliente existente mediante su cliente_id. | S14: 1. Seleccionar un cliente ya registrado. 2. Verificar que se utilice su cliente_id. 3. Completar la solicitud. 4. Guardar. | T14: La solicitud se registra correctamente asociada al cliente existente mediante su cliente_id. | U14: PASS | V14: PASS | W14: TC-A-1.1-12 | AA14: OFICIAL / BASELINE | AB14: PRD V2 + Backlog V2 + DB V2 + QA | AC14: Caso del alcance
A15: Épica 1 — Vendedor | B15: Circuito comercial del Vendedor: registro de solicitudes y gestión de cotizaciones derivadas. | C15: FUNCIONAL | D15: Levantar pedido | E15: Levantar pedido | F15: HU-1.1 — Levantar pedido | G15: Registrar solicitud con cliente_id inexistente | H15: TC-A-1.1-13 | I15: EP-01 | J15: F-01 | K15: HU-1.1 | L15: Registrar solicitud con cliente_id inexistente | M15: La solicitud no debe registrarse y el sistema debe rechazar la referencia a un cliente inexistente. | N15: HIGH | O15: NEGATIVE | P15: Usuario Vendedor autenticado; formulario de solicitud disponible. | Q15: cliente_id inexistente; descripción válida; cantidad = 1 | R15: La solicitud no debe registrarse y el sistema debe rechazar la referencia a un cliente inexistente. | S15: 1. Informar un cliente_id inexistente. 2. Completar los datos restantes. 3. Intentar guardar. | T15: La solicitud no debe registrarse y el sistema debe rechazar la referencia a un cliente inexistente. | U15: PASS | V15: PASS | W15: TC-A-1.1-13 | AA15: OFICIAL / BASELINE | AB15: PRD V2 + Backlog V2 + DB V2 + QA | AC15: Caso del alcance
A16: Épica 1 — Vendedor | B16: Circuito comercial del Vendedor: registro de solicitudes y gestión de cotizaciones derivadas. | C16: FUNCIONAL | D16: Levantar pedido | E16: Levantar pedido | F16: HU-1.1 — Levantar pedido | G16: Adjuntar documentación válida a la solicitud | H16: TC-A-1.1-14 | I16: EP-01 | J16: F-01 | K16: HU-1.1 | L16: Adjuntar documentación válida a la solicitud | M16: La documentación se adjunta correctamente, sigue disponible al recargar y se puede abrir desde el navegador sin descargarla. | N16: HIGH | O16: FUNCTIONAL | P16: Usuario Vendedor autenticado; formulario de solicitud disponible. | Q16: Archivo de hasta 10 MB, por ejemplo un plano | R16: La documentación se adjunta correctamente, sigue disponible al recargar y se puede abrir desde el navegador sin descargarla. | S16: 1. Completar la solicitud. 2. Adjuntar el plano. 3. Guardar. 4. Recargar la solicitud. 5. Abrir el documento. | T16: La documentación se adjunta correctamente, sigue disponible al recargar y se puede abrir desde el navegador sin descargarla. | U16: FAIL | V16: FAIL | W16: TC-A-1.1-14 | X16: Modificado: El adjunto sigue disponible al recargar y se abre desde el navegador. (ref. D-6) Prueba exploratoria de seguridad | Z16: CRITICAL | AA16: OFICIAL / BASELINE | AB16: PRD V2 + Backlog V2 + DB V2 + QA | AC16: Caso del alcance
A17: Épica 1 — Vendedor | B17: Circuito comercial del Vendedor: registro de solicitudes y gestión de cotizaciones derivadas. | C17: FUNCIONAL | D17: Levantar pedido | E17: Levantar pedido | F17: HU-1.1 — Levantar pedido | G17: Intentar adjuntar un archivo de más de 10 MB | H17: TC-A-1.1-15 | I17: EP-01 | J17: F-01 | K17: HU-1.1 | L17: Intentar adjuntar un archivo de más de 10 MB | M17: El sistema rechaza el archivo por superar el tamaño máximo y no lo incorpora a la solicitud. | N17: HIGH | O17: NEGATIVE | P17: Usuario Vendedor autenticado; formulario de solicitud disponible. | Q17: Archivo de más de 10 MB | R17: El sistema rechaza el archivo por superar el tamaño máximo y no lo incorpora a la solicitud. | S17: 1. Completar la solicitud. 2. Intentar adjuntar el archivo. | T17: El sistema rechaza el archivo por superar el tamaño máximo y no lo incorpora a la solicitud. | U17: PASS | V17: PASS | W17: TC-A-1.1-15 | X17: Modificado: El criterio pasa a ser archivo de más de 10 MB. (ref. D-6) | AA17: OFICIAL / BASELINE | AB17: PRD V2 + Backlog V2 + DB V2 + QA | AC17: Caso del alcance
A18: Épica 1 — Vendedor | B18: Circuito comercial del Vendedor: registro de solicitudes y gestión de cotizaciones derivadas. | C18: FUNCIONAL | D18: Levantar pedido | E18: Levantar pedido | F18: HU-1.1 — Levantar pedido | G18: Registrar solicitud sin archivo de documentación | H18: TC-A-1.1-16 | I18: EP-01 | J18: F-01 | K18: HU-1.1 | L18: Registrar solicitud sin archivo de documentación | M18: La solicitud se registra sin archivo cuando la documentación no es obligatoria en el diseño actual. | N18: MEDIUM | O18: FUNCTIONAL | P18: Usuario Vendedor autenticado; formulario de solicitud disponible. | Q18: Solicitud válida; sin archivo adjunto | R18: La solicitud se registra sin archivo cuando la documentación no es obligatoria en el diseño actual. | S18: 1. Completar la solicitud. 2. No adjuntar ningún archivo. 3. Guardar. | T18: La solicitud se registra sin archivo cuando la documentación no es obligatoria en el diseño actual. | U18: PASS | V18: PASS | W18: TC-A-1.1-16 | AA18: OFICIAL / BASELINE | AB18: PRD V2 + Backlog V2 + DB V2 + QA | AC18: Caso del alcance
A19: Épica 1 — Vendedor | B19: Circuito comercial del Vendedor: registro de solicitudes y gestión de cotizaciones derivadas. | C19: FUNCIONAL | D19: Levantar pedido | E19: Levantar pedido | F19: HU-1.1 — Levantar pedido | G19: Registrar cliente nuevo con un CUIT que ya existe | H19: TC-A-1.1-17 | I19: EP-01 | J19: F-01 | K19: HU-1.1 | L19: Registrar cliente nuevo con un CUIT que ya existe | M19: El sistema no registra el cliente e informa que el CUIT ya está registrado. | N19: HIGH | O19: NEGATIVE | P19: Usuario Vendedor autenticado; formulario de solicitud disponible. | Q19: CUIT de un cliente ya registrado; resto de los datos válidos | R19: El sistema no registra el cliente e informa que el CUIT ya está registrado. | S19: 1. Cargar un cliente nuevo con ese CUIT. 2. Completar la solicitud. 3. Intentar guardar. | T19: El sistema no registra el cliente e informa que el CUIT ya está registrado. | U19: PASS | V19: PASS | W19: TC-A-1.1-17 | X19: Nuevo: Cliente nuevo con un CUIT que ya existe. (ref. D-4) | AA19: OFICIAL / BASELINE | AB19: PRD V2 + Backlog V2 + DB V2 + QA | AC19: Caso del alcance
A20: Épica 1 — Vendedor | B20: Circuito comercial del Vendedor: registro de solicitudes y gestión de cotizaciones derivadas. | C20: FUNCIONAL | D20: Levantar pedido | E20: Levantar pedido | F20: HU-1.1 — Levantar pedido | G20: Registrar cliente nuevo sin email | H20: TC-A-1.1-18 | I20: EP-01 | J20: F-01 | K20: HU-1.1 | L20: Registrar cliente nuevo sin email | M20: La solicitud no se registra y el sistema señala que falta el email, que es obligatorio. | N20: HIGH | O20: NEGATIVE | P20: Usuario Vendedor autenticado; formulario de solicitud disponible. | Q20: Razón social, CUIT, contacto, dirección y teléfono válidos; email vacío | R20: La solicitud no se registra y el sistema señala que falta el email, que es obligatorio. | S20: 1. Completar los campos restantes. 2. Dejar email vacío. 3. Intentar guardar. | T20: La solicitud no se registra y el sistema señala que falta el email, que es obligatorio. | U20: PASS | V20: PASS | W20: TC-A-1.1-18 | X20: Nuevo: Cliente nuevo sin email. (ref. D-4) | AA20: OFICIAL / BASELINE | AB20: PRD V2 + Backlog V2 + DB V2 + QA | AC20: Caso del alcance
A21: Épica 1 — Vendedor | B21: Circuito comercial del Vendedor: registro de solicitudes y gestión de cotizaciones derivadas. | C21: FUNCIONAL | D21: Cotizaciones derivadas | E21: Cotizaciones derivadas | F21: HU-1.3 — Cotizaciones derivadas | G21: Vendedor consulta una cotización derivada de una solicitud | H21: TC-A-1.3-01 | I21: EP-01 | J21: F-03 | K21: HU-1.3 | L21: Vendedor consulta una cotización derivada de una solicitud | M21: El Vendedor puede consultar la cotización derivada de la solicitud. | N21: CRITICAL | O21: FUNCTIONAL | P21: Usuario Vendedor autenticado; cotización disponible. | Q21: Solicitud con cotización disponible | R21: El Vendedor puede consultar la cotización derivada de la solicitud. | S21: 1. Ingresar como Vendedor. 2. Consultar cotizaciones disponibles. 3. Seleccionar una cotización. | T21: El Vendedor puede consultar la cotización derivada de la solicitud. | U21: PASS | V21: PASS | W21: TC-A-1.3-01 | AA21: OFICIAL / BASELINE | AB21: PRD V2 + Backlog V2 + DB V2 + QA | AC21: Caso del alcance
A22: Épica 1 — Vendedor | B22: Circuito comercial del Vendedor: registro de solicitudes y gestión de cotizaciones derivadas. | C22: FUNCIONAL | D22: Cotizaciones derivadas | E22: Cotizaciones derivadas | F22: HU-1.3 — Cotizaciones derivadas | G22: Vendedor visualiza correctamente los datos de la cotización | H22: TC-A-1.3-02 | I22: EP-01 | J22: F-03 | K22: HU-1.3 | L22: Vendedor visualiza correctamente los datos de la cotización | M22: La información de la cotización se muestra de forma consistente con los datos registrados. | N22: HIGH | O22: FUNCTIONAL | P22: Usuario Vendedor autenticado; cotización disponible. | Q22: Cotización con datos completos | R22: La información de la cotización se muestra de forma consistente con los datos registrados. | S22: 1. Abrir la cotización. 2. Revisar cliente, solicitud, fases, tiempos y precio final. | T22: La información de la cotización se muestra de forma consistente con los datos registrados. | U22: PASS | V22: PASS | W22: TC-A-1.3-02 | AA22: OFICIAL / BASELINE | AB22: PRD V2 + Backlog V2 + DB V2 + QA | AC22: Caso del alcance
A23: Épica 1 — Vendedor | B23: Circuito comercial del Vendedor: registro de solicitudes y gestión de cotizaciones derivadas. | C23: FUNCIONAL | D23: Cotizaciones derivadas | E23: Cotizaciones derivadas | F23: HU-1.3 — Cotizaciones derivadas | G23: Vendedor registra aprobación de una cotización válida | H23: TC-A-1.3-03 | I23: EP-01 | J23: F-03 | K23: HU-1.3 | L23: Vendedor registra aprobación de una cotización válida | M23: La aprobación queda registrada correctamente. | N23: CRITICAL | O23: FUNCTIONAL | P23: Usuario Vendedor autenticado; cotización disponible. | Q23: Cotización válida disponible para decisión | R23: La aprobación queda registrada correctamente. | S23: 1. Abrir la cotización. 2. Seleccionar aprobación. 3. Confirmar la acción. | T23: La aprobación queda registrada correctamente. | U23: PASS | V23: PASS | W23: TC-A-1.3-03 | AA23: OFICIAL / BASELINE | AB23: PRD V2 + Backlog V2 + DB V2 + QA | AC23: Caso del alcance
A24: Épica 1 — Vendedor | B24: Circuito comercial del Vendedor: registro de solicitudes y gestión de cotizaciones derivadas. | C24: FUNCIONAL | D24: Cotizaciones derivadas | E24: Cotizaciones derivadas | F24: HU-1.3 — Cotizaciones derivadas | G24: Verificar cambio a estado APROBADA | H24: TC-A-1.3-04 | I24: EP-01 | J24: F-03 | K24: HU-1.3 | L24: Verificar cambio a estado APROBADA | M24: La cotización queda en estado APROBADA. | N24: CRITICAL | O24: INTEGRATION | P24: Usuario Vendedor autenticado; cotización disponible. | Q24: Cotización aprobada | R24: La cotización queda en estado APROBADA. | S24: 1. Registrar aprobación. 2. Consultar el estado de la cotización. | T24: La cotización queda en estado APROBADA. | U24: PASS | V24: PASS | W24: TC-A-1.3-04 | AA24: OFICIAL / BASELINE | AB24: PRD V2 + Backlog V2 + DB V2 + QA | AC24: Caso del alcance
A25: Épica 1 — Vendedor | B25: Circuito comercial del Vendedor: registro de solicitudes y gestión de cotizaciones derivadas. | C25: FUNCIONAL | D25: Cotizaciones derivadas | E25: Cotizaciones derivadas | F25: HU-1.3 — Cotizaciones derivadas | G25: Verificar generación automática de OT después de la aprobación | H25: TC-A-1.3-05 | I25: EP-01 | J25: F-03 | K25: HU-1.3 | L25: Verificar generación automática de OT después de la aprobación | M25: Se genera automáticamente una OT asociada a la cotización aprobada. | N25: CRITICAL | O25: E2E | P25: Usuario Vendedor autenticado; cotización disponible. | Q25: Cotización en estado APROBADA | R25: Se genera automáticamente una OT asociada a la cotización aprobada. | S25: 1. Aprobar la cotización. 2. Consultar las órdenes de trabajo generadas. | T25: Se genera automáticamente una OT asociada a la cotización aprobada. | U25: PASS | V25: PASS | W25: TC-A-1.3-05 | AA25: OFICIAL / BASELINE | AB25: PRD V2 + Backlog V2 + DB V2 + QA | AC25: Caso del alcance
A26: Épica 1 — Vendedor | B26: Circuito comercial del Vendedor: registro de solicitudes y gestión de cotizaciones derivadas. | C26: FUNCIONAL | D26: Cotizaciones derivadas | E26: Cotizaciones derivadas | F26: HU-1.3 — Cotizaciones derivadas | G26: Verificar que la OT quede asociada a la cotización aprobada | H26: TC-A-1.3-06 | I26: EP-01 | J26: F-03 | K26: HU-1.3 | L26: Verificar que la OT quede asociada a la cotización aprobada | M26: La OT queda correctamente asociada a la cotización aprobada. | N26: CRITICAL | O26: INTEGRATION | P26: Usuario Vendedor autenticado; cotización disponible. | Q26: Cotización aprobada; OT generada | R26: La OT queda correctamente asociada a la cotización aprobada. | S26: 1. Aprobar la cotización. 2. Consultar la OT. 3. Verificar su relación con la cotización. | T26: La OT queda correctamente asociada a la cotización aprobada. | U26: PASS | V26: PASS | W26: TC-A-1.3-06 | AA26: OFICIAL / BASELINE | AB26: PRD V2 + Backlog V2 + DB V2 + QA | AC26: Caso del alcance
A27: Épica 1 — Vendedor | B27: Circuito comercial del Vendedor: registro de solicitudes y gestión de cotizaciones derivadas. | C27: FUNCIONAL | D27: Cotizaciones derivadas | E27: Cotizaciones derivadas | F27: HU-1.3 — Cotizaciones derivadas | G27: Verificar que la primera fase de la OT quede en En Produccion | H27: TC-A-1.3-07 | I27: EP-01 | J27: F-03 | K27: HU-1.3 | L27: Verificar que la primera fase de la OT quede en EN_COLA | M27: La primera fase queda en estado EN_COLA. | N27: CRITICAL | O27: E2E | P27: Usuario Vendedor autenticado; cotización disponible. | Q27: OT generada con fases configuradas | R27: La primera fase queda en estado EN_COLA. | S27: 1. Aprobar la cotización. 2. Consultar las fases de la OT. | T27: La primera fase queda en estado EN_COLA. | U27: PASS | V27: PASS | W27: TC-A-1.3-07 | AA27: OFICIAL / BASELINE | AB27: PRD V2 + Backlog V2 + DB V2 + QA | AC27: Caso del alcance
A28: Épica 1 — Vendedor | B28: Circuito comercial del Vendedor: registro de solicitudes y gestión de cotizaciones derivadas. | C28: FUNCIONAL | D28: Cotizaciones derivadas | E28: Cotizaciones derivadas | F28: HU-1.3 — Cotizaciones derivadas | G28: Verificar que la primera fase quede asociada al operario correcto | H28: TC-A-1.3-08 | I28: EP-01 | J28: F-03 | K28: HU-1.3 | L28: Verificar que la primera fase quede asociada al operario correcto | M28: La primera fase queda visible/asociada al operario habilitado correspondiente. | N28: CRITICAL | O28: E2E | P28: Usuario Vendedor autenticado; cotización disponible. | Q28: OT generada; fase con operario habilitado | R28: La primera fase queda visible/asociada al operario habilitado correspondiente. | S28: 1. Aprobar la cotización. 2. Consultar la primera fase. 3. Verificar el operario asociado. | T28: La primera fase queda visible/asociada al operario habilitado correspondiente. | U28: PASS | V28: PASS | W28: TC-A-1.3-08 | AA28: OFICIAL / BASELINE | AB28: PRD V2 + Backlog V2 + DB V2 + QA | AC28: Caso del alcance
A29: Épica 1 — Vendedor | B29: Circuito comercial del Vendedor: registro de solicitudes y gestión de cotizaciones derivadas. | C29: FUNCIONAL | D29: Cotizaciones derivadas | E29: Cotizaciones derivadas | F29: HU-1.3 — Cotizaciones derivadas | G29: Vendedor registra cotización no aprobada | H29: TC-A-1.3-09 | I29: EP-01 | J29: F-03 | K29: HU-1.3 | L29: Vendedor registra cotización no aprobada | M29: La decisión de no aprobación queda registrada. | N29: HIGH | O29: FUNCTIONAL | P29: Usuario Vendedor autenticado; cotización disponible. | Q29: Cotización disponible para decisión | R29: La decisión de no aprobación queda registrada. | S29: 1. Abrir la cotización. 2. Seleccionar no aprobación. 3. Confirmar la acción. | T29: La decisión de no aprobación queda registrada. | U29: PASS | V29: PASS | W29: TC-A-1.3-09 | AA29: OFICIAL / BASELINE | AB29: PRD V2 + Backlog V2 + DB V2 + QA | AC29: Caso del alcance
A30: Épica 1 — Vendedor | B30: Circuito comercial del Vendedor: registro de solicitudes y gestión de cotizaciones derivadas. | C30: FUNCIONAL | D30: Cotizaciones derivadas | E30: Cotizaciones derivadas | F30: HU-1.3 — Cotizaciones derivadas | G30: Verificar estado NO_APROBADA | H30: TC-A-1.3-10 | I30: EP-01 | J30: F-03 | K30: HU-1.3 | L30: Verificar estado NO_APROBADA | M30: La cotización queda en estado NO_APROBADA. | N30: HIGH | O30: INTEGRATION | P30: Usuario Vendedor autenticado; cotización disponible. | Q30: Cotización no aprobada | R30: La cotización queda en estado NO_APROBADA. | S30: 1. Registrar la no aprobación. 2. Consultar el estado. | T30: La cotización queda en estado NO_APROBADA. | U30: PASS | V30: PASS | W30: TC-A-1.3-10 | AA30: OFICIAL / BASELINE | AB30: PRD V2 + Backlog V2 + DB V2 + QA | AC30: Caso del alcance
A31: Épica 1 — Vendedor | B31: Circuito comercial del Vendedor: registro de solicitudes y gestión de cotizaciones derivadas. | C31: FUNCIONAL | D31: Cotizaciones derivadas | E31: Cotizaciones derivadas | F31: HU-1.3 — Cotizaciones derivadas | G31: Verificar que una cotización no aprobada no genere OT | H31: TC-A-1.3-11 | I31: EP-01 | J31: F-03 | K31: HU-1.3 | L31: Verificar que una cotización no aprobada no genere OT | M31: No debe generarse una OT a partir de una cotización no aprobada. | N31: CRITICAL | O31: NEGATIVE | P31: Usuario Vendedor autenticado; cotización disponible. | Q31: Cotización en estado NO_APROBADA | R31: No debe generarse una OT a partir de una cotización no aprobada. | S31: 1. Registrar la no aprobación. 2. Consultar las OT asociadas. | T31: No debe generarse una OT a partir de una cotización no aprobada. | U31: PASS | V31: PASS | W31: TC-A-1.3-11 | AA31: OFICIAL / BASELINE | AB31: PRD V2 + Backlog V2 + DB V2 + QA | AC31: Caso del alcance
A32: Épica 1 — Vendedor | B32: Circuito comercial del Vendedor: registro de solicitudes y gestión de cotizaciones derivadas. | C32: FUNCIONAL | D32: Cotizaciones derivadas | E32: Cotizaciones derivadas | F32: HU-1.3 — Cotizaciones derivadas | G32: Intentar procesar nuevamente una cotización ya aprobada | H32: TC-A-1.3-12 | I32: EP-01 | J32: F-03 | K32: HU-1.3 | L32: Intentar procesar nuevamente una cotización ya aprobada | M32: El sistema no debe permitir una segunda transición no válida ni generar una OT duplicada. | N32: HIGH | O32: NEGATIVE | P32: Usuario Vendedor autenticado; cotización disponible. | Q32: Cotización en estado APROBADA; OT ya generada | R32: El sistema no debe permitir una segunda transición no válida ni generar una OT duplicada. | S32: 1. Consultar una cotización ya aprobada. 2. Intentar procesarla nuevamente. | T32: El sistema no debe permitir una segunda transición no válida ni generar una OT duplicada. | U32: PASS | V32: PASS | W32: TC-A-1.3-12 | AA32: OFICIAL / BASELINE | AB32: PRD V2 + Backlog V2 + DB V2 + QA | AC32: Caso del alcance
... A35: Épica 2 — Jefe de Producción | B35: Gestión de cotizaciones, órdenes de trabajo y planta. | C35: FUNCIONAL | D35: Recepción de cotización | E35: Recepción de cotización | F35: HU-2.1 — Recepción de cotización | G35: Jefe consulta una solicitud disponible para cotizar | H35: TC-A-2.1-01 | I35: EP-02 | J35: F-02 | K35: HU-2.1 | L35: Jefe consulta una solicitud disponible para cotizar | M35: La solicitud disponible para cotizar puede ser consultada por el Jefe. | N35: CRITICAL | O35: FUNCTIONAL | P35: Usuario Jefe de Producción autenticado; solicitud válida disponible. | Q35: Solicitud en estado PENDIENTE_COTIZACION | R35: La solicitud disponible para cotizar puede ser consultada por el Jefe. | S35: 1. Ingresar como Jefe. 2. Consultar solicitudes disponibles. 3. Seleccionar la solicitud. | T35: La solicitud disponible para cotizar puede ser consultada por el Jefe. | U35: PASS | V35: PASS | W35: TC-A-2.1-01 | AA35: OFICIAL / BASELINE | AB35: PRD V2 + Backlog V2 + DB V2 + QA | AC35: Caso del alcance
A36: Épica 2 — Jefe de Producción | B36: Gestión de cotizaciones, órdenes de trabajo y planta. | C36: FUNCIONAL | D36: Recepción de cotización | E36: Recepción de cotización | F36: HU-2.1 — Recepción de cotización | G36: Jefe selecciona fases del catálogo | H36: TC-A-2.1-02 | I36: EP-02 | J36: F-02 | K36: HU-2.1 | L36: Jefe selecciona fases del catálogo | M36: Solo se ofrecen fases con operarios habilitados, y las seleccionadas quedan incorporadas a la cotización. | N36: CRITICAL | O36: FUNCTIONAL | P36: Usuario Jefe de Producción autenticado; solicitud válida disponible. | Q36: Solicitud disponible; catálogo con fases que tienen operarios habilitados | R36: Solo se ofrecen fases con operarios habilitados, y las seleccionadas quedan incorporadas a la cotización. | S36: 1. Abrir la solicitud. 2. Consultar catálogo. 3. Seleccionar las fases necesarias. | T36: Solo se ofrecen fases con operarios habilitados, y las seleccionadas quedan incorporadas a la cotización. | U36: PASS | V36: PASS | W36: TC-A-2.1-02 | X36: Modificado: Solo se ofrecen fases con operarios habilitados. (ref. D-5) | AA36: OFICIAL / BASELINE | AB36: PRD V2 + Backlog V2 + DB V2 + QA | AC36: Caso del alcance
A37: Épica 2 — Jefe de Producción | B37: Gestión de cotizaciones, órdenes de trabajo y planta. | C37: FUNCIONAL | D37: Recepción de cotización | E37: Recepción de cotización | F37: HU-2.1 — Recepción de cotización | G37: Jefe define el orden de las fases | H37: TC-A-2.1-03 | I37: EP-02 | J37: F-02 | K37: HU-2.1 | L37: Jefe define el orden de las fases | M37: Las fases quedan registradas en el orden definido por el Jefe. | N37: HIGH | O37: FUNCTIONAL | P37: Usuario Jefe de Producción autenticado; solicitud válida disponible. | Q37: Solicitud con varias fases seleccionadas | R37: Las fases quedan registradas en el orden definido por el Jefe. | S37: 1. Seleccionar varias fases. 2. Definir el orden de ejecución. 3. Guardar la cotización. | T37: Las fases quedan registradas en el orden definido por el Jefe. | U37: PASS | V37: PASS | W37: TC-A-2.1-03 | AA37: OFICIAL / BASELINE | AB37: PRD V2 + Backlog V2 + DB V2 + QA | AC37: Caso del alcance
A38: Épica 2 — Jefe de Producción | B38: Gestión de cotizaciones, órdenes de trabajo y planta. | C38: FUNCIONAL | D38: Recepción de cotización | E38: Recepción de cotización | F38: HU-2.1 — Recepción de cotización | G38: Jefe utiliza una fase repetida cuando corresponde | H38: TC-A-2.1-04 | I38: EP-02 | J38: F-02 | K38: HU-2.1 | L38: Jefe utiliza una fase repetida cuando corresponde | M38: La cotización permite que una misma fase aparezca más de una vez cuando corresponde. | N38: HIGH | O38: VALIDATION | P38: Usuario Jefe de Producción autenticado; solicitud válida disponible. | Q38: Catálogo con una fase disponible para repetición | R38: La cotización permite que una misma fase aparezca más de una vez cuando corresponde. | S38: 1. Seleccionar una fase. 2. Incorporar nuevamente la misma fase cuando corresponda. 3. Definir el orden. | T38: La cotización permite que una misma fase aparezca más de una vez cuando corresponde. | U38: PASS | V38: PASS | W38: TC-A-2.1-04 | AA38: OFICIAL / BASELINE | AB38: PRD V2 + Backlog V2 + DB V2 + QA | AC38: Caso del alcance
A39: Épica 2 — Jefe de Producción | B39: Gestión de cotizaciones, órdenes de trabajo y planta. | C39: FUNCIONAL | D39: Recepción de cotización | E39: Recepción de cotización | F39: HU-2.1 — Recepción de cotización | G39: Jefe informa el tiempo estimado de las fases | H39: TC-A-2.1-05 | I39: EP-02 | J39: F-02 | K39: HU-2.1 | L39: Jefe informa el tiempo estimado de las fases | M39: Cada fase queda asociada al tiempo estimado informado. | N39: HIGH | O39: FUNCTIONAL | P39: Usuario Jefe de Producción autenticado; solicitud válida disponible. | Q39: Fases seleccionadas; tiempos estimados definidos | R39: Cada fase queda asociada al tiempo estimado informado. | S39: 1. Seleccionar las fases. 2. Informar el tiempo estimado de cada fase. 3. Guardar. | T39: Cada fase queda asociada al tiempo estimado informado. | U39: PASS | V39: PASS | W39: TC-A-2.1-05 | AA39: OFICIAL / BASELINE | AB39: PRD V2 + Backlog V2 + DB V2 + QA | AC39: Caso del alcance
A40: Épica 2 — Jefe de Producción | B40: Gestión de cotizaciones, órdenes de trabajo y planta. | C40: FUNCIONAL | D40: Recepción de cotización | E40: Recepción de cotización | F40: HU-2.1 — Recepción de cotización | G40: Verificar que la cotización mantenga un único precio final | H40: TC-A-2.1-06 | I40: EP-02 | J40: F-02 | K40: HU-2.1 | L40: Verificar que la cotización mantenga un único precio final | M40: La cotización mantiene un único precio final y no un precio individual por fase. | N40: HIGH | O40: VALIDATION | P40: Usuario Jefe de Producción autenticado; solicitud válida disponible. | Q40: Cotización con una o varias fases | R40: La cotización mantiene un único precio final y no un precio individual por fase. | S40: 1. Configurar las fases. 2. Informar el precio final. 3. Guardar la cotización. | T40: La cotización mantiene un único precio final y no un precio individual por fase. | U40: PASS | V40: PASS | W40: TC-A-2.1-06 | AA40: OFICIAL / BASELINE | AB40: PRD V2 + Backlog V2 + DB V2 + QA | AC40: Caso del alcance
A41: Épica 2 — Jefe de Producción | B41: Gestión de cotizaciones, órdenes de trabajo y planta. | C41: FUNCIONAL | D41: Recepción de cotización | E41: Recepción de cotización | F41: HU-2.1 — Recepción de cotización | G41: Generar y enviar la cotización asociada a la solicitud | H41: TC-A-2.1-07 | I41: EP-02 | J41: F-02 | K41: HU-2.1 | L41: Generar y enviar la cotización asociada a la solicitud | M41: La cotización queda asociada a la solicitud y disponible para el Vendedor. | N41: CRITICAL | O41: INTEGRATION | P41: Usuario Jefe de Producción autenticado; solicitud válida disponible. | Q41: Solicitud válida; cotización configurada | R41: La cotización queda asociada a la solicitud y disponible para el Vendedor. | S41: 1. Completar la cotización. 2. Guardar/generar la cotización. 3. Enviar la cotización al circuito correspondiente. | T41: La cotización queda asociada a la solicitud y disponible para el Vendedor. | U41: PASS | V41: PASS | W41: TC-A-2.1-07 | AA41: OFICIAL / BASELINE | AB41: PRD V2 + Backlog V2 + DB V2 + QA | AC41: Caso del alcance
A42: Épica 2 — Jefe de Producción | B42: Gestión de cotizaciones, órdenes de trabajo y planta. | C42: FUNCIONAL | D42: Recepción de cotización | E42: Recepción de cotización | F42: HU-2.1 — Recepción de cotización | G42: Verificar que la solicitud pasa a COTIZADA al crear su cotización | H42: TC-A-2.1-08 | I42: EP-02 | J42: F-02 | K42: HU-2.1 | L42: Verificar que la solicitud pasa a COTIZADA al crear su cotización | M42: La solicitud queda en COTIZADA. No figura en el listado del Jefe; sí figura, como "Cotizada", en el del Vendedor. La cotización queda en LISTA_PARA_ENVIAR. | N42: CRITICAL | O42: INTEGRATION | P42: Usuario Jefe de Producción autenticado; solicitud válida disponible. | Q42: Solicitud en estado PENDIENTE_COTIZACION, sin cotización | R42: La solicitud queda en COTIZADA. No figura en el listado del Jefe; sí figura, como "Cotizada", en el del Vendedor. La cotización queda en LISTA_PARA_ENVIAR. | S42: 1. Ingresar como Jefe. 2. Crear la cotización de esa solicitud. 3. Consultar GET /api/solicitudes como Jefe. 4. Consultar GET /api/solicitudes como Vendedor. 5. Consultar la cotización creada. | T42: La solicitud queda en COTIZADA. No figura en el listado del Jefe; sí figura, como "Cotizada", en el del Vendedor. La cotización queda en LISTA_PARA_ENVIAR. | U42: PASS | V42: PASS | W42: TC-A-2.1-08 | X42: Modificado: Se verifica la transición de la solicitud a `COTIZADA` y su visibilidad según rol. (ref. #156) | AA42: OFICIAL / BASELINE | AB42: PRD V2 + Backlog V2 + DB V2 + QA | AC42: Caso del alcance
A43: Épica 5 — Gerente | B43: Configuración y gestión del catálogo de fases y visión global. | C43: FUNCIONAL | D43: Configuración de fases | E43: Configuración de fases | F43: HU-5.1 — Configuración de fases | G43: Gerente consulta el catálogo de fases | H43: TC-A-5.1-01 | I43: EP-05 | J43: F-05 | K43: HU-5.1 | L43: Gerente consulta el catálogo de fases | M43: El Gerente puede consultar el catálogo de fases disponible. | N43: HIGH | O43: FUNCTIONAL | P43: Usuario Gerente autenticado; catálogo y operadores disponibles. | Q43: Usuario con rol Gerente; catálogo disponible | R43: El Gerente puede consultar el catálogo de fases disponible. | S43: 1. Ingresar como Gerente. 2. Acceder al catálogo de fases. | T43: El Gerente puede consultar el catálogo de fases disponible. | U43: PASS | V43: PASS | W43: TC-A-5.1-01 | AA43: OFICIAL / BASELINE | AB43: PRD V2 + Backlog V2 + DB V2 + QA | AC43: Caso del alcance
A44: Épica 5 — Gerente | B44: Configuración y gestión del catálogo de fases y visión global. | C44: FUNCIONAL | D44: Configuración de fases | E44: Configuración de fases | F44: HU-5.1 — Configuración de fases | G44: Crear una fase con al menos un operario habilitado | H44: TC-A-5.1-02 | I44: EP-05 | J44: F-05 | K44: HU-5.1 | L44: Crear una fase con al menos un operario habilitado | M44: La fase queda registrada con sus operarios. Sin al menos un operario habilitado, el sistema no permite crear la fase. | N44: HIGH | O44: FUNCTIONAL | P44: Usuario Gerente autenticado; catálogo y operadores disponibles. | Q44: Usuario Gerente; operarios disponibles | R44: La fase queda registrada con sus operarios. Sin al menos un operario habilitado, el sistema no permite crear la fase. | S44: 1. Acceder al catálogo. 2. Crear una fase. 3. Elegir al menos un operario habilitado. 4. Guardar. 5. Repetir sin elegir ningún operario. | T44: La fase queda registrada con sus operarios. Sin al menos un operario habilitado, el sistema no permite crear la fase. | U44: PASS | V44: PASS | W44: TC-A-5.1-02 | X44: Modificado: Una fase requiere al menos un operario habilitado; se incluye variante negativa. (ref. D-5) | AA44: OFICIAL / BASELINE | AB44: PRD V2 + Backlog V2 + DB V2 + QA | AC44: Caso del alcance
A45: Épica 5 — Gerente | B45: Configuración y gestión del catálogo de fases y visión global. | C45: FUNCIONAL | D45: Configuración de fases | E45: Configuración de fases | F45: HU-5.1 — Configuración de fases | G45: Configurar los operarios habilitados para una fase | H45: TC-A-5.1-03 | I45: EP-05 | J45: F-05 | K45: HU-5.1 | L45: Configurar los operarios habilitados para una fase | M45: La fase queda asociada a los operarios habilitados definidos. No se puede deshabilitar al último operario de una fase. | N45: CRITICAL | O45: FUNCTIONAL | P45: Usuario Gerente autenticado; catálogo y operadores disponibles. | Q45: Fase configurada; operarios disponibles | R45: La fase queda asociada a los operarios habilitados definidos. No se puede deshabilitar al último operario de una fase. | S45: 1. Seleccionar una fase. 2. Consultar los operarios disponibles. 3. Configurar los operarios habilitados. 4. Guardar. 5. Intentar deshabilitar al último operario habilitado. | T45: La fase queda asociada a los operarios habilitados definidos. No se puede deshabilitar al último operario de una fase. | U45: PASS | V45: PASS | W45: TC-A-5.1-03 | X45: Modificado: No se puede deshabilitar al último operario de una fase. (ref. D-5) | AA45: OFICIAL / BASELINE | AB45: PRD V2 + Backlog V2 + DB V2 + QA | AC45: Caso del alcance
A46: Épica 5 — Gerente | B46: Configuración y gestión del catálogo de fases y visión global. | C46: FUNCIONAL | D46: Configuración de fases | E46: Configuración de fases | F46: HU-5.1 — Configuración de fases | G46: Verificar que un operario habilitado pueda ser seleccionado para la fase | H46: TC-A-5.1-04 | I46: EP-05 | J46: F-05 | K46: HU-5.1 | L46: Verificar que un operario habilitado pueda ser seleccionado para la fase | M46: El operario habilitado aparece como elegible para ejecutar la fase. | N46: CRITICAL | O46: INTEGRATION | P46: Usuario Gerente autenticado; catálogo y operadores disponibles. | Q46: Fase configurada; operario habilitado | R46: El operario habilitado aparece como elegible para ejecutar la fase. | S46: 1. Seleccionar la fase. 2. Consultar operarios habilitados. 3. Seleccionar el operario habilitado. | T46: El operario habilitado aparece como elegible para ejecutar la fase. | U46: PASS | V46: PASS | W46: TC-A-5.1-04 | AA46: OFICIAL / BASELINE | AB46: PRD V2 + Backlog V2 + DB V2 + QA | AC46: Caso del alcance
A47: Épica 5 — Gerente | B47: Configuración y gestión del catálogo de fases y visión global. | C47: FUNCIONAL | D47: Configuración de fases | E47: Configuración de fases | F47: HU-5.1 — Configuración de fases | G47: Verificar que un operario no habilitado no pueda ejecutar esa fase | H47: TC-A-5.1-05 | I47: EP-05 | J47: F-05 | K47: HU-5.1 | L47: Verificar que un operario no habilitado no pueda ejecutar esa fase | M47: Un operario no habilitado no debe quedar disponible como ejecutor válido de esa fase. | N47: HIGH | O47: NEGATIVE | P47: Usuario Gerente autenticado; catálogo y operadores disponibles. | Q47: Fase configurada; operario no habilitado | R47: Un operario no habilitado no debe quedar disponible como ejecutor válido de esa fase. | S47: 1. Consultar la configuración de la fase. 2. Identificar un operario no habilitado. 3. Verificar su disponibilidad para la ejecución de la fase. | T47: Un operario no habilitado no debe quedar disponible como ejecutor válido de esa fase. | U47: FAIL | V47: FAIL | W47: TC-A-5.1-05 | AA47: OFICIAL / BASELINE | AB47: PRD V2 + Backlog V2 + DB V2 + QA | AC47: Caso del alcance
A48: Épica 5 — Gerente | B48: Configuración y gestión del catálogo de fases y visión global. | C48: FUNCIONAL | D48: Configuración de fases | E48: Configuración de fases | F48: HU-5.1 — Configuración de fases | G48: Jefe consulta el catálogo de fases disponible para gestionar una cotización | H48: TC-A-5.1-06 | I48: EP-05 | J48: F-05 | K48: HU-5.1 | L48: Jefe consulta el catálogo de fases disponible para gestionar una cotización | M48: El Jefe ve solo las fases activas que tienen al menos un operario habilitado; las demás no aparecen. | N48: CRITICAL | O48: INTEGRATION | P48: Usuario Gerente autenticado; catálogo y operadores disponibles. | Q48: Usuario Jefe de Producción; catálogo con fases activas con operarios, y alguna fase inactiva o sin operarios | R48: El Jefe ve solo las fases activas que tienen al menos un operario habilitado; las demás no aparecen. | S48: 1. Ingresar como Jefe. 2. Acceder a la consulta del catálogo. | T48: El Jefe ve solo las fases activas que tienen al menos un operario habilitado; las demás no aparecen. | U48: PASS | V48: PASS | W48: TC-A-5.1-06 | X48: Modificado: El Jefe ve solo fases activas con operarios habilitados. (ref. D-5) | AA48: OFICIAL / BASELINE | AB48: PRD V2 + Backlog V2 + DB V2 + QA | AC48: Caso del alcance
A49: E2E transversal | B49: Flujo end-to-end de Fase A. | C49: FUNCIONAL | D49: E2E Fase A | E49: Cobertura end-to-end Fase A | F49: E2E Fase A | G49: Solicitud → OT generada | H49: E2E-A-01 | J49: F-E2E-A | K49: E2E-A | L49: Solicitud → OT generada | M49: La solicitud completa debe recorrer el circuito comercial y finalizar con: Solicitud → Cotización → ENVIADA_A_CLIENTE → APROBADA → OT generada → Primera fase en cola del operario correcto. La OT debe generarse automáticamente como consecuencia de la aprobación válida de la cotización. --- | N49: CRITICAL | O49: E2E / Integración | P49: * Backend real disponible. * Usuario Vendedor disponible. * Usuario Jefe de Producción disponible. * Usuario Gerente disponible. * Catálogo de fases configurado. * Al menos un operario habilitado en cada fase correspondiente. * Operario habilitado para la primera fase. * Datos de prueba disponibles. | Q49: * Razón Social válida. * CUIT válido y no registrado previamente. * Nombre de contacto válido. * Dirección válida. * Teléfono válido. * Email válido. * Descripción de pieza/trabajo válida. * Cantidad mayor que 0. * Fases existentes en el catálogo. * Operario habilitado para ejecutar la primera fase. * Tiempo estimado definido para las fases. * Precio final de cotización definido. | R49: La solicitud completa debe recorrer el circuito comercial y finalizar con: Solicitud → Cotización → ENVIADA_A_CLIENTE → APROBADA → OT generada → Primera fase en cola del operario correcto. La OT debe generarse automáticamente como consecuencia de la aprobación válida de la cotización. --- | S49: 1. Vendedor registra una solicitud completa. 2. QA verifica la persistencia de la solicitud. 3. Jefe de Producción consulta la solicitud. 4. Jefe selecciona las fases correspondientes. 5. Jefe define el orden de las fases. 6. Jefe informa los tiempos estimados. 7. Jefe genera la cotización. 8. Vendedor marca la cotización como enviada al cliente. 9. Vendedor consulta la cotización derivada. 10. Vendedor registra la aprobación. 11. QA verifica que la cotización pase a APROBADA. 12. QA verifica que se genere automáticamente la OT. 13. QA verifica que la OT quede asociada a la cotización. 14. QA verifica las fases configuradas en la OT. 15. QA verifica que la primera fase quede en EN_COLA. 16. QA verifica que la primera fase quede visible para el operario correcto. | T49: La solicitud completa debe recorrer el circuito comercial y finalizar con: Solicitud → Cotización → ENVIADA_A_CLIENTE → APROBADA → OT generada → Primera fase en cola del operario correcto. La OT debe generarse automáticamente como consecuencia de la aprobación válida de la cotización. --- | U49: PASS | V49: PASS | W49: E2E-A-01 | AA49: OFICIAL / BASELINE | AB49: PRD V2 + Backlog V2 + DB V2 + QA | AC49: Caso del alcance
A50: E2E transversal | B50: Flujo end-to-end de Fase A. | C50: FUNCIONAL | D50: E2E Fase A | E50: Cobertura end-to-end Fase A | F50: E2E Fase A | G50: Solicitud incompleta intenta ingresar al circuito | H50: E2E-A-NEG-01 | J50: F-E2E-A | K50: E2E-A | L50: Solicitud incompleta intenta ingresar al circuito | M50: La solicitud incompleta no debe continuar hacia una cotización válida. | N50: CRITICAL | O50: E2E | P50: Usuarios y datos de prueba disponibles. | Q50: Solicitud con al menos un dato obligatorio faltante | R50: La solicitud incompleta no debe continuar hacia una cotización válida. | S50: 1. Intentar registrar la solicitud. 2. Intentar continuar el circuito. | T50: La solicitud incompleta no debe continuar hacia una cotización válida. | U50: PASS | V50: PASS | W50: E2E-A-NEG-01 | AA50: OFICIAL / BASELINE | AB50: PRD V2 + Backlog V2 + DB V2 + QA | AC50: Caso del alcance
A51: E2E transversal | B51: Flujo end-to-end de Fase A. | C51: FUNCIONAL | D51: E2E Fase A | E51: Cobertura end-to-end Fase A | F51: E2E Fase A | G51: Cotización no aprobada | H51: E2E-A-NEG-02 | J51: F-E2E-A | K51: E2E-A | L51: Cotización no aprobada | M51: No debe generarse una OT. | N51: CRITICAL | O51: E2E | P51: Usuarios y datos de prueba disponibles. | Q51: Cotización válida en estado NO_APROBADA | R51: No debe generarse una OT. | S51: 1. Registrar la no aprobación. 2. Consultar las OT. | T51: No debe generarse una OT. | U51: PASS | V51: PASS | W51: E2E-A-NEG-02 | AA51: OFICIAL / BASELINE | AB51: PRD V2 + Backlog V2 + DB V2 + QA | AC51: Caso del alcance
A52: E2E transversal | B52: Flujo end-to-end de Fase A. | C52: FUNCIONAL | D52: E2E Fase A | E52: Cobertura end-to-end Fase A | F52: E2E Fase A | G52: Intentar aprobar una cotización ya procesada | H52: E2E-A-NEG-03 | J52: F-E2E-A | K52: E2E-A | L52: Intentar aprobar una cotización ya procesada | M52: El sistema debe impedir una segunda transición no válida. | N52: HIGH | O52: E2E | P52: Usuarios y datos de prueba disponibles. | Q52: Cotización ya aprobada y OT generada | R52: El sistema debe impedir una segunda transición no válida. | S52: 1. Consultar la cotización. 2. Intentar aprobarla nuevamente. | T52: El sistema debe impedir una segunda transición no válida. | U52: PASS | V52: PASS | W52: E2E-A-NEG-03 | AA52: OFICIAL / BASELINE | AB52: PRD V2 + Backlog V2 + DB V2 + QA | AC52: Caso del alcance
A53: E2E transversal | B53: Flujo end-to-end de Fase A. | C53: FUNCIONAL | D53: E2E Fase A | E53: Cobertura end-to-end Fase A | F53: E2E Fase A | G53: Verificar posible duplicación de OT después de una aprobación | H53: E2E-A-NEG-05 | J53: F-E2E-A | K53: E2E-A | L53: Verificar posible duplicación de OT después de una aprobación | M53: Una aprobación válida debe generar una única OT. | N53: CRITICAL | O53: E2E | P53: Usuarios y datos de prueba disponibles. | Q53: Cotización válida aprobada | R53: Una aprobación válida debe generar una única OT. | S53: 1. Registrar una aprobación válida. 2. Consultar las OT generadas. 3. Verificar que no exista una segunda OT para la misma aprobación. | T53: Una aprobación válida debe generar una única OT. | U53: PASS | V53: PASS | W53: E2E-A-NEG-05 | AA53: OFICIAL / BASELINE | AB53: PRD V2 + Backlog V2 + DB V2 + QA | AC53: Caso del alcance
A54: Épica 2 — Jefe de Producción | B54: Gestión de cotizaciones, órdenes de trabajo y planta. | C54: FUNCIONAL | D54: Gestión de planta / reasignación | E54: Gestión de planta / reasignación | F54: HU-2.2 — Gestión de planta / reasignación | G54: Consultar operadores habilitados | H54: TC-B-2.2-01 | I54: EP-02 | J54: F-09 | K54: HU-2.2 | L54: Consultar operadores habilitados | M54: Se muestran los operadores habilitados para esa fase. | N54: MEDIUM | O54: FUNCTIONAL | P54: Existe una fase configurada con operadores habilitados. | Q54: Fase y operadores habilitados/no habilitados según escenario. | R54: Se muestran los operadores habilitados para esa fase. | S54: 1. Ingresar como Jefe. 2. Consultar la fase. 3. Abrir las opciones de asignación. | T54: Se muestran los operadores habilitados para esa fase. | U54: PASS | V54: PASS | W54: TC-B-2.2-01 | AA54: OFICIAL / BASELINE | AB54: PRD V2 + Backlog V2 + DB V2 + QA | AC54: Caso del alcance
A55: Épica 2 — Jefe de Producción | B55: Gestión de cotizaciones, órdenes de trabajo y planta. | C55: FUNCIONAL | D55: Gestión de planta / reasignación | E55: Gestión de planta / reasignación | F55: HU-2.2 — Gestión de planta / reasignación | G55: Reasignar fase antes de iniciar ejecución | H55: TC-B-2.2-02 | I55: EP-02 | J55: F-09 | K55: HU-2.2 | L55: Reasignar fase antes de iniciar ejecución | M55: La fase queda asignada al nuevo operador. | N55: HIGH | O55: FUNCTIONAL | P55: La fase se encuentra en EN_COLA y tiene un operador asignado. | Q55: Fase y operadores habilitados/no habilitados según escenario. | R55: La fase queda asignada al nuevo operador. | S55: 1. Ingresar como Jefe. 2. Seleccionar la fase. 3. Seleccionar otro operador habilitado. 4. Confirmar la reasignación. | T55: La fase queda asignada al nuevo operador. | U55: PASS | V55: PASS | W55: TC-B-2.2-02 | AA55: OFICIAL / BASELINE | AB55: PRD V2 + Backlog V2 + DB V2 + QA | AC55: Caso del alcance
A56: Épica 2 — Jefe de Producción | B56: Gestión de cotizaciones, órdenes de trabajo y planta. | C56: FUNCIONAL | D56: Gestión de planta / reasignación | E56: Gestión de planta / reasignación | F56: HU-2.2 — Gestión de planta / reasignación | G56: Intentar reasignar fase ya iniciada | H56: TC-B-2.2-03 | I56: EP-02 | J56: F-09 | K56: HU-2.2 | L56: Intentar reasignar fase ya iniciada | M56: El sistema impide la reasignación porque la fase ya fue iniciada. | N56: HIGH | O56: FUNCTIONAL | P56: La fase se encuentra en EN_EJECUCION. | Q56: Fase y operadores habilitados/no habilitados según escenario. | R56: El sistema impide la reasignación porque la fase ya fue iniciada. | S56: 1. Ingresar como Jefe. 2. Consultar la fase. 3. Intentar cambiar el operador. | T56: El sistema impide la reasignación porque la fase ya fue iniciada. | U56: PASS | V56: PASS | W56: TC-B-2.2-03 | AA56: OFICIAL / BASELINE | AB56: PRD V2 + Backlog V2 + DB V2 + QA | AC56: Caso del alcance
A57: Épica 2 — Jefe de Producción | B57: Gestión de cotizaciones, órdenes de trabajo y planta. | C57: FUNCIONAL | D57: Gestión de planta / reasignación | E57: Gestión de planta / reasignación | F57: HU-2.2 — Gestión de planta / reasignación | G57: Intentar reasignar a operador no habilitado | H57: TC-B-2.2-04 | I57: EP-02 | J57: F-09 | K57: HU-2.2 | L57: Intentar reasignar a operador no habilitado | M57: El sistema impide la asignación. | N57: HIGH | O57: FUNCTIONAL | P57: Existe una fase en EN_COLA y un operador que no está habilitado para esa fase. | Q57: Fase y operadores habilitados/no habilitados según escenario. | R57: El sistema impide la asignación. | S57: 1. Ingresar como Jefe. 2. Seleccionar la fase. 3. Intentar asignarla al operador no habilitado. | T57: El sistema impide la asignación. | U57: PASS | V57: PASS | W57: TC-B-2.2-04 | AA57: OFICIAL / BASELINE | AB57: PRD V2 + Backlog V2 + DB V2 + QA | AC57: Caso del alcance
A58: Épica 2 — Jefe de Producción | B58: Gestión de cotizaciones, órdenes de trabajo y planta. | C58: FUNCIONAL | D58: Gestión de planta / reasignación | E58: Gestión de planta / reasignación | F58: HU-2.2 — Gestión de planta / reasignación | G58: Verificar actualización de visibilidad | H58: TC-B-2.2-05 | I58: EP-02 | J58: F-09 | K58: HU-2.2 | L58: Verificar actualización de visibilidad | M58: La fase deja de estar disponible para el operador anterior y aparece disponible para el nuevo operador. | N58: MEDIUM | O58: FUNCTIONAL | P58: Una fase fue reasignada antes de iniciar su ejecución. | Q58: Datos de prueba válidos y variantes del escenario. | R58: La fase deja de estar disponible para el operador anterior y aparece disponible para el nuevo operador. | S58: 1. Reasignar la fase al operador B. 2. Consultar las tareas del operador A. 3. Consultar las tareas del operador B. | T58: La fase deja de estar disponible para el operador anterior y aparece disponible para el nuevo operador. | U58: PASS | V58: PASS | W58: TC-B-2.2-05 | AA58: OFICIAL / BASELINE | AB58: PRD V2 + Backlog V2 + DB V2 + QA | AC58: Caso del alcance
A59: Épica 2 — Jefe de Producción | B59: Gestión de cotizaciones, órdenes de trabajo y planta. | C59: FUNCIONAL | D59: Gestión de planta / reasignación | E59: Gestión de planta / reasignación | F59: HU-2.2 — Gestión de planta / reasignación | G59: Verificar historial de reasignación | H59: TC-B-2.2-06 | I59: EP-02 | J59: F-09 | K59: HU-2.2 | L59: Verificar historial de reasignación | M59: El historial registra: * operador anterior; * nuevo operador; * usuario que realizó el cambio; * fecha/hora del cambio. | N59: HIGH | O59: FUNCTIONAL | P59: Se realizó una reasignación válida. | Q59: OT con fase EN_COLA; operador original y nuevo operador. | R59: El historial registra: * operador anterior; * nuevo operador; * usuario que realizó el cambio; * fecha/hora del cambio. | S59: 1. Realizar la reasignación. 2. Consultar el historial correspondiente. | T59: El historial registra: * operador anterior; * nuevo operador; * usuario que realizó el cambio; * fecha/hora del cambio. | U59: PASS | V59: PASS | W59: TC-B-2.2-06 | AA59: OFICIAL / BASELINE | AB59: PRD V2 + Backlog V2 + DB V2 + QA | AC59: Caso del alcance
A60: Épica 3 — Operario | B60: Ejecución de fases productivas y tareas asignadas. | C60: FUNCIONAL | D60: Tareas en ejecución y pendientes | E60: Tareas en ejecución y pendientes | F60: HU-3.1 — Tareas en ejecución y pendientes | G60: Visualizar una OT asignada en cola | H60: TC-B-3.1-01 | I60: EP-03 | J60: F-04 | K60: HU-3.1 | L60: Visualizar una OT asignada en cola | M60: La fase aparece disponible en estado EN_COLA. | N60: MEDIUM | O60: FUNCTIONAL | P60: Existe una OT con una primera fase asignada a un operador habilitado. | Q60: Datos de prueba válidos y variantes del escenario. | R60: La fase aparece disponible en estado EN_COLA. | S60: 1. Ingresar como Operario. 2. Acceder a las tareas pendientes. 3. Buscar la OT asignada. 4. Visualizar la fase correspondiente. | T60: La fase aparece disponible en estado EN_COLA. | U60: PASS | V60: PASS | W60: TC-B-3.1-01 | AA60: OFICIAL / BASELINE | AB60: PRD V2 + Backlog V2 + DB V2 + QA | AC60: Caso del alcance
A61: Épica 3 — Operario | B61: Ejecución de fases productivas y tareas asignadas. | C61: FUNCIONAL | D61: Tareas en ejecución y pendientes | E61: Tareas en ejecución y pendientes | F61: HU-3.1 — Tareas en ejecución y pendientes | G61: Iniciar una fase en cola | H61: TC-B-3.1-02 | I61: EP-03 | J61: F-04 | K61: HU-3.1 | L61: Iniciar una fase en cola | M61: La fase pasa de EN_COLA a EN_EJECUCION. | N61: MEDIUM | O61: FUNCTIONAL | P61: Existe una fase en EN_COLA asignada al Operario. | Q61: Fase y operadores habilitados/no habilitados según escenario. | R61: La fase pasa de EN_COLA a EN_EJECUCION. | S61: 1. Ingresar como Operario. 2. Seleccionar la tarea. 3. Iniciar la ejecución. | T61: La fase pasa de EN_COLA a EN_EJECUCION. | U61: PASS | V61: PASS | W61: TC-B-3.1-02 | AA61: OFICIAL / BASELINE | AB61: PRD V2 + Backlog V2 + DB V2 + QA | AC61: Caso del alcance
A62: Épica 3 — Operario | B62: Ejecución de fases productivas y tareas asignadas. | C62: FUNCIONAL | D62: Tareas en ejecución y pendientes | E62: Tareas en ejecución y pendientes | F62: HU-3.1 — Tareas en ejecución y pendientes | G62: Visualizar tarea en ejecución | H62: TC-B-3.1-03 | I62: EP-03 | J62: F-04 | K62: HU-3.1 | L62: Visualizar tarea en ejecución | M62: La tarea activa se muestra correctamente como fase en ejecución. | N62: MEDIUM | O62: FUNCTIONAL | P62: Existe una fase en EN_EJECUCION. | Q62: Datos de prueba válidos y variantes del escenario. | R62: La tarea activa se muestra correctamente como fase en ejecución. | S62: 1. Ingresar como Operario. 2. Consultar las tareas. 3. Identificar la tarea iniciada. | T62: La tarea activa se muestra correctamente como fase en ejecución. | U62: PASS | V62: PASS | W62: TC-B-3.1-03 | AA62: OFICIAL / BASELINE | AB62: PRD V2 + Backlog V2 + DB V2 + QA | AC62: Caso del alcance
A63: Épica 3 — Operario | B63: Ejecución de fases productivas y tareas asignadas. | C63: FUNCIONAL | D63: Tareas en ejecución y pendientes | E63: Tareas en ejecución y pendientes | F63: HU-3.1 — Tareas en ejecución y pendientes | G63: Finalizar una fase | H63: TC-B-3.1-04 | I63: EP-03 | J63: F-04 | K63: HU-3.1 | L63: Finalizar una fase | M63: La fase pasa a TERMINADO. | N63: MEDIUM | O63: FUNCTIONAL | P63: Existe una fase en EN_EJECUCION. | Q63: Fase y operadores habilitados/no habilitados según escenario. | R63: La fase pasa a TERMINADO. | S63: 1. Ingresar a la tarea. 2. Completar la operación. 3. Marcar la fase como finalizada. | T63: La fase pasa a TERMINADO. | U63: PASS | V63: PASS | W63: TC-B-3.1-04 | AA63: OFICIAL / BASELINE | AB63: PRD V2 + Backlog V2 + DB V2 + QA | AC63: Caso del alcance
A64: Épica 3 — Operario | B64: Ejecución de fases productivas y tareas asignadas. | C64: FUNCIONAL | D64: Tareas en ejecución y pendientes | E64: Tareas en ejecución y pendientes | F64: HU-3.1 — Tareas en ejecución y pendientes | G64: Avanzar automáticamente a la siguiente fase | H64: TC-B-3.1-05 | I64: EP-03 | J64: F-04 | K64: HU-3.1 | L64: Avanzar automáticamente a la siguiente fase | M64: La primera fase queda TERMINADO y la siguiente fase pasa a EN_COLA. | N64: MEDIUM | O64: FUNCTIONAL | P64: La OT posee al menos dos fases y la primera se encuentra en ejecución. | Q64: Fase y operadores habilitados/no habilitados según escenario. | R64: La primera fase queda TERMINADO y la siguiente fase pasa a EN_COLA. | S64: 1. Iniciar la primera fase. 2. Finalizar la primera fase. | T64: La primera fase queda TERMINADO y la siguiente fase pasa a EN_COLA. | U64: PASS | V64: PASS | W64: TC-B-3.1-05 | AA64: OFICIAL / BASELINE | AB64: PRD V2 + Backlog V2 + DB V2 + QA | AC64: Caso del alcance
A65: Épica 3 — Operario | B65: Ejecución de fases productivas y tareas asignadas. | C65: FUNCIONAL | D65: Tareas en ejecución y pendientes | E65: Tareas en ejecución y pendientes | F65: HU-3.1 — Tareas en ejecución y pendientes | G65: Finalizar la última fase | H65: TC-B-3.1-06 | I65: EP-03 | J65: F-04 | K65: HU-3.1 | L65: Finalizar la última fase | M65: La última fase queda TERMINADO y la OT pasa a EN_CALIDAD. | N65: MEDIUM | O65: FUNCTIONAL | P65: La OT posee varias fases y se está ejecutando la última. | Q65: Fase y operadores habilitados/no habilitados según escenario. | R65: La última fase queda TERMINADO y la OT pasa a EN_CALIDAD. | S65: 1. Iniciar la última fase. 2. Finalizar la operación. | T65: La última fase queda TERMINADO y la OT pasa a EN_CALIDAD. | U65: PASS | V65: PASS | W65: TC-B-3.1-06 | AA65: OFICIAL / BASELINE | AB65: PRD V2 + Backlog V2 + DB V2 + QA | AC65: Caso del alcance
... A84: Épica 3 — Operario | B84: Ejecución de fases productivas y tareas asignadas. | C84: FUNCIONAL | D84: Notas discriminadas por origen | E84: Notas discriminadas por origen | F84: HU-3.4 — Notas discriminadas por origen | G84: Verificar origen de cada nota | H84: TC-B-3.4-05 | I84: EP-03 | J84: F-08 | K84: HU-3.4 | L84: Verificar origen de cada nota | M84: Cada nota conserva correctamente su origen. | N84: MEDIUM | O84: FUNCTIONAL | P84: Existe una OT con notas de distintos orígenes. | Q84: OT con notas de Jefe y/o Calidad. | R84: Cada nota conserva correctamente su origen. | S84: 1. Abrir la OT. 2. Consultar las notas. 3. Revisar el origen de cada una. | T84: Cada nota conserva correctamente su origen. | U84: PASS | V84: PASS | W84: TC-B-3.4-05 | AA84: OFICIAL / BASELINE | AB84: PRD V2 + Backlog V2 + DB V2 + QA | AC84: Caso del alcance
A85: E2E transversal | B85: Flujo end-to-end de Fase B. | C85: FUNCIONAL | D85: E2E Fase B | E85: Cobertura end-to-end Fase B | F85: E2E Fase B | G85: Camino feliz de Producción | H85: E2E-B-01 | J85: F-E2E-B | K85: E2E-B | L85: Camino feliz de Producción | M85: 1. Acceso correcto 2. Aparece la primera fase de la OT 3. Estado EN_COLA 4. Estado EN_EJECUCION 5. La tarea permanece disponible para completar 6. Estado TERMINADO 7. Siguiente fase disponible en EN_COLA 8. Estado EN_EJECUCION 9. Cada fase pasa a TERMINADO 10. Última fase queda TERMINADO 11. OT pasa a EN_CALIDAD 12. OT disponible para el circuito de Calidad | N85: CRITICAL | O85: E2E | P85: * OT aprobada y generada. * Fases configuradas. * Operadores habilitados. * Usuarios disponibles para la ejecución. * Backend y frontend operativos. | Paso | Acción | Resultado esperado 1 | Ingresar con usuario Operario | Acceso correcto 2 | Consultar tareas pendientes | Aparece la primera fase de la OT 3 | Identificar fase en cola | Estado EN_COLA 4 | Iniciar fase | Estado EN_EJECUCION 5 | Ejecutar operación | La tarea permanece disponible para completar 6 | Finalizar fase | Estado TERMINADO 7 | Consultar siguiente fase | Siguiente fase disponible en EN_COLA 8 | Iniciar siguiente fase | Estado EN_EJECUCION 9 | Completar las fases restantes | Cada fase pasa a TERMINADO 10 | Finalizar última fase | Última fase queda TERMINADO 11 | Consultar estado de OT | OT pasa a EN_CALIDAD 12 | Consultar desde Calidad | OT disponible para el circuito de Calidad | Q85: Datos de prueba válidos. | R85: 1. Acceso correcto 2. Aparece la primera fase de la OT 3. Estado EN_COLA 4. Estado EN_EJECUCION 5. La tarea permanece disponible para completar 6. Estado TERMINADO 7. Siguiente fase disponible en EN_COLA 8. Estado EN_EJECUCION 9. Cada fase pasa a TERMINADO 10. Última fase queda TERMINADO 11. OT pasa a EN_CALIDAD 12. OT disponible para el circuito de Calidad | S85: 1. Ingresar con usuario Operario 2. Consultar tareas pendientes 3. Identificar fase en cola 4. Iniciar fase 5. Ejecutar operación 6. Finalizar fase 7. Consultar siguiente fase 8. Iniciar siguiente fase 9. Completar las fases restantes 10. Finalizar última fase 11. Consultar estado de OT 12. Consultar desde Calidad | T85: 1. Acceso correcto 2. Aparece la primera fase de la OT 3. Estado EN_COLA 4. Estado EN_EJECUCION 5. La tarea permanece disponible para completar 6. Estado TERMINADO 7. Siguiente fase disponible en EN_COLA 8. Estado EN_EJECUCION 9. Cada fase pasa a TERMINADO 10. Última fase queda TERMINADO 11. OT pasa a EN_CALIDAD 12. OT disponible para el circuito de Calidad | U85: PASS | V85: PASS | W85: E2E-B-01 | AA85: OFICIAL / BASELINE | AB85: PRD V2 + Backlog V2 + DB V2 + QA | AC85: Caso del alcance
A86: E2E transversal | B86: Flujo end-to-end de Fase B. | C86: FUNCIONAL | D86: E2E Fase B | E86: Cobertura end-to-end Fase B | F86: E2E Fase B | G86: Intentar iniciar una fase sin un operador habilitado/asignado correctamente. | H86: E2E-B-NEG-01 | J86: F-E2E-B | K86: E2E-B | L86: Intentar iniciar una fase sin un operador habilitado | M86: La fase no puede comenzar su ejecución. | N86: CRITICAL | O86: E2E | P86: Usuarios y datos de prueba disponibles. | Q86: Fase y operadores habilitados | R86: La fase no puede comenzar su ejecución. | S86: 1. Ingresar como usuario autorizado. 2. Acceder a la funcionalidad. 3. Ejecutar la acción indicada. 4. Verificar el resultado esperado. | T86: La fase no puede comenzar su ejecución. | U86: PASS | V86: PASS | W86: E2E-B-NEG-01 | AA86: OFICIAL / BASELINE | AB86: PRD V2 + Backlog V2 + DB V2 + QA | AC86: Caso del alcance
A87: E2E transversal | B87: Flujo end-to-end de Fase B. | C87: FUNCIONAL | D87: E2E Fase B | E87: Cobertura end-to-end Fase B | F87: E2E Fase B | G87: Intentar modificar el operador de una fase que ya está en EN_EJECUCION. | H87: E2E-B-NEG-02 | J87: F-E2E-B | K87: E2E-B | L87: Intentar modificar el operador de una fase que ya está en EN_EJECUCION. | M87: La reasignación es rechazada conforme a D-1. | N87: CRITICAL | O87: E2E | P87: Usuarios y datos de prueba disponibles. | Q87: Fase y operadores habilitados | R87: La reasignación es rechazada conforme a D-1. | S87: 1. Ingresar como usuario autorizado. 2. Acceder a la funcionalidad. 3. Ejecutar la acción indicada. 4. Verificar el resultado esperado. | T87: La reasignación es rechazada conforme a D-1. | U87: PASS | V87: PASS | W87: E2E-B-NEG-02 | AA87: OFICIAL / BASELINE | AB87: PRD V2 + Backlog V2 + DB V2 + QA | AC87: Caso del alcance
A88: E2E transversal | B88: Flujo end-to-end de Fase B. | C88: FUNCIONAL | D88: E2E Fase B | E88: Cobertura end-to-end Fase B | F88: E2E Fase B | G88: Intentar asignar una fase a un operador que no está habilitado para esa fase. | H88: E2E-B-NEG-03 | J88: F-E2E-B | K88: E2E-B | L88: Intentar asignar una fase a un operador que no está habilitado para esa fase. | M88: El sistema rechaza la asignación. | N88: CRITICAL | O88: E2E | P88: Usuarios y datos de prueba disponibles. | Q88: Fase y operadores no habilitados | R88: El sistema rechaza la asignación. | S88: 1. Ingresar como usuario autorizado. 2. Acceder a la funcionalidad. 3. Ejecutar la acción indicada. 4. Verificar el resultado esperado. | T88: El sistema rechaza la asignación. | U88: PASS | V88: PASS | W88: E2E-B-NEG-03 | AA88: OFICIAL / BASELINE | AB88: PRD V2 + Backlog V2 + DB V2 + QA | AC88: Caso del alcance
A89: E2E transversal | B89: Flujo end-to-end de Fase B. | C89: FUNCIONAL | D89: E2E Fase B | E89: Cobertura end-to-end Fase B | F89: E2E Fase B | G89: Intentar cargar un archivo superior a 10 MB durante producción. | H89: E2E-B-NEG-04 | J89: F-E2E-B | K89: E2E-B | L89: Intentar cargar un archivo superior a 10 MB durante producción. | M89: El sistema rechaza el archivo y mantiene la información previamente registrada. | N89: CRITICAL | O89: E2E | P89: Usuarios y datos de prueba disponibles. | Q89: Archivo válido o archivo mayor a 10 MB según escenario. | R89: El sistema rechaza el archivo y mantiene la información previamente registrada. | S89: 1. Ingresar como usuario autorizado. 2. Acceder a la funcionalidad. 3. Ejecutar la acción indicada. 4. Verificar el resultado esperado. | T89: El sistema rechaza el archivo y mantiene la información previamente registrada. | U89: PASS | V89: PASS | W89: E2E-B-NEG-04 | AA89: OFICIAL / BASELINE | AB89: PRD V2 + Backlog V2 + DB V2 + QA | AC89: Caso del alcance
A90: Épica 1 — Vendedor | B90: Circuito comercial del Vendedor: registro de solicitudes y gestión de cotizaciones derivadas. | C90: FUNCIONAL | D90: Despacho / Entrega | E90: Despacho / Entrega | F90: HU-1.4 — Despacho / Entrega | G90: OT conforme disponible para despacho | H90: TC-C-1.4-01 | I90: EP-01 | J90: F-14 | K90: HU-1.4 | L90: OT conforme disponible para despacho | M90: La OT está habilitada para pasar a DESPACHO. | N90: MEDIUM | O90: FUNCTIONAL | P90: OT con veredicto Conforme. | Q90: Datos de prueba válidos y variantes del escenario. | R90: La OT está habilitada para pasar a DESPACHO. | S90: 1. Consultar la OT. 2. Ingresar al circuito de despacho. | T90: La OT está habilitada para pasar a DESPACHO. | V90: NOT RUN | W90: TC-C-1.4-01 | AA90: OFICIAL / BASELINE | AB90: PRD V2 + Backlog V2 + DB V2 + QA | AC90: Caso del alcance
A91: Épica 1 — Vendedor | B91: Circuito comercial del Vendedor: registro de solicitudes y gestión de cotizaciones derivadas. | C91: FUNCIONAL | D91: Despacho / Entrega | E91: Despacho / Entrega | F91: HU-1.4 — Despacho / Entrega | G91: Intentar despachar OT no conforme | H91: TC-C-1.4-02 | I91: EP-01 | J91: F-14 | K91: HU-1.4 | L91: Intentar despachar OT no conforme | M91: El sistema impide el despacho de una OT no conforme. | N91: MEDIUM | O91: FUNCTIONAL | P91: OT en NO_CONFORME. | Q91: Datos de prueba válidos y variantes del escenario. | R91: El sistema impide el despacho de una OT no conforme. | S91: 1. Consultar la OT. 2. Intentar realizar el despacho. | T91: El sistema impide el despacho de una OT no conforme. | V91: NOT RUN | W91: TC-C-1.4-02 | AA91: OFICIAL / BASELINE | AB91: PRD V2 + Backlog V2 + DB V2 + QA | AC91: Caso del alcance
A92: Épica 1 — Vendedor | B92: Circuito comercial del Vendedor: registro de solicitudes y gestión de cotizaciones derivadas. | C92: FUNCIONAL | D92: Despacho / Entrega | E92: Despacho / Entrega | F92: HU-1.4 — Despacho / Entrega | G92: Registrar despacho | H92: TC-C-1.4-03 | I92: EP-01 | J92: F-14 | K92: HU-1.4 | L92: Registrar despacho | M92: La OT pasa a DESPACHO. | N92: MEDIUM | O92: FUNCTIONAL | P92: OT habilitada para despacho. | Q92: Datos de prueba válidos y variantes del escenario. | R92: La OT pasa a DESPACHO. | S92: 1. Seleccionar la OT. 2. Registrar el despacho. 3. Confirmar. | T92: La OT pasa a DESPACHO. | V92: NOT RUN | W92: TC-C-1.4-03 | AA92: OFICIAL / BASELINE | AB92: PRD V2 + Backlog V2 + DB V2 + QA | AC92: Caso del alcance
A93: Épica 1 — Vendedor | B93: Circuito comercial del Vendedor: registro de solicitudes y gestión de cotizaciones derivadas. | C93: FUNCIONAL | D93: Despacho / Entrega | E93: Despacho / Entrega | F93: HU-1.4 — Despacho / Entrega | G93: Registrar entrega desde `DESPACHO` | H93: TC-C-1.4-04 | I93: EP-01 | J93: F-14 | K93: HU-1.4 | L93: Registrar entrega desde `DESPACHO` | M93: La OT pasa a ENTREGADA. | N93: HIGH | O93: FUNCTIONAL | P93: OT en DESPACHO. | Q93: OT en DESPACHO o estado distinto; receptor/fecha cuando corresponda. | R93: La OT pasa a ENTREGADA. | S93: 1. Abrir la OT. 2. Registrar los datos de entrega. 3. Confirmar. | T93: La OT pasa a ENTREGADA. | V93: NOT RUN | W93: TC-C-1.4-04 | AA93: OFICIAL / BASELINE | AB93: PRD V2 + Backlog V2 + DB V2 + QA | AC93: Caso del alcance
A94: Épica 1 — Vendedor | B94: Circuito comercial del Vendedor: registro de solicitudes y gestión de cotizaciones derivadas. | C94: FUNCIONAL | D94: Despacho / Entrega | E94: Despacho / Entrega | F94: HU-1.4 — Despacho / Entrega | G94: Intentar registrar entrega sin receptor | H94: TC-C-1.4-05 | I94: EP-01 | J94: F-14 | K94: HU-1.4 | L94: Intentar registrar entrega sin receptor | M94: El sistema impide completar la entrega porque el receptor es obligatorio. | N94: HIGH | O94: FUNCTIONAL | P94: OT en DESPACHO. | Q94: OT en DESPACHO o estado distinto; receptor/fecha cuando corresponda. | R94: El sistema impide completar la entrega porque el receptor es obligatorio. | S94: 1. Iniciar el registro de entrega. 2. No ingresar receptor. 3. Intentar confirmar. | T94: El sistema impide completar la entrega porque el receptor es obligatorio. | V94: NOT RUN | W94: TC-C-1.4-05 | AA94: OFICIAL / BASELINE | AB94: PRD V2 + Backlog V2 + DB V2 + QA | AC94: Caso del alcance
A95: Épica 1 — Vendedor | B95: Circuito comercial del Vendedor: registro de solicitudes y gestión de cotizaciones derivadas. | C95: FUNCIONAL | D95: Despacho / Entrega | E95: Despacho / Entrega | F95: HU-1.4 — Despacho / Entrega | G95: Registrar entrega con receptor y fecha | H95: TC-C-1.4-06 | I95: EP-01 | J95: F-14 | K95: HU-1.4 | L95: Registrar entrega con receptor y fecha | M95: La entrega queda registrada con receptor y fecha y la OT pasa a ENTREGADA. | N95: HIGH | O95: FUNCTIONAL | P95: OT en DESPACHO. | Q95: OT en DESPACHO o estado distinto; receptor/fecha cuando corresponda. | R95: La entrega queda registrada con receptor y fecha y la OT pasa a ENTREGADA. | S95: 1. Ingresar receptor. 2. Registrar fecha. 3. Confirmar la entrega. | T95: La entrega queda registrada con receptor y fecha y la OT pasa a ENTREGADA. | V95: NOT RUN | W95: TC-C-1.4-06 | AA95: OFICIAL / BASELINE | AB95: PRD V2 + Backlog V2 + DB V2 + QA | AC95: Caso del alcance
A96: Épica 1 — Vendedor | B96: Circuito comercial del Vendedor: registro de solicitudes y gestión de cotizaciones derivadas. | C96: FUNCIONAL | D96: Despacho / Entrega | E96: Despacho / Entrega | F96: HU-1.4 — Despacho / Entrega | G96: Intentar entregar OT fuera de `DESPACHO` | H96: TC-C-1.4-07 | I96: EP-01 | J96: F-14 | K96: HU-1.4 | L96: Intentar entregar OT fuera de `DESPACHO` | M96: El sistema impide completar la entrega. | N96: HIGH | O96: FUNCTIONAL | P96: OT en un estado distinto de DESPACHO. | Q96: OT en DESPACHO o estado distinto; receptor/fecha cuando corresponda. | R96: El sistema impide completar la entrega. | S96: 1. Intentar registrar la entrega. | T96: El sistema impide completar la entrega. | V96: NOT RUN | W96: TC-C-1.4-07 | AA96: OFICIAL / BASELINE | AB96: PRD V2 + Backlog V2 + DB V2 + QA | AC96: Caso del alcance
A97: Épica 2 — Jefe de Producción | B97: Gestión de cotizaciones, órdenes de trabajo y planta. | C97: FUNCIONAL | D97: No conformidades / retrabajo | E97: No conformidades / retrabajo | F97: HU-2.3 — No conformidades / retrabajo | G97: Consultar OT no conforme | H97: TC-C-2.3-01 | I97: EP-02 | J97: F-13 | K97: HU-2.3 | L97: Consultar OT no conforme | M97: La OT no conforme aparece disponible junto con las observaciones de Calidad. | N97: MEDIUM | O97: FUNCTIONAL | P97: Una OT fue marcada como NO_CONFORME. | Q97: Datos de prueba válidos y variantes del escenario. | R97: La OT no conforme aparece disponible junto con las observaciones de Calidad. | S97: 1. Ingresar como Jefe. 2. Consultar las OT pendientes. | T97: La OT no conforme aparece disponible junto con las observaciones de Calidad. | V97: NOT RUN | W97: TC-C-2.3-01 | AA97: OFICIAL / BASELINE | AB97: PRD V2 + Backlog V2 + DB V2 + QA | AC97: Caso del alcance
A98: Épica 2 — Jefe de Producción | B98: Gestión de cotizaciones, órdenes de trabajo y planta. | C98: FUNCIONAL | D98: No conformidades / retrabajo | E98: No conformidades / retrabajo | F98: HU-2.3 — No conformidades / retrabajo | G98: Seleccionar fase para retrabajo | H98: TC-C-2.3-02 | I98: EP-02 | J98: F-13 | K98: HU-2.3 | L98: Seleccionar fase para retrabajo | M98: El Jefe puede seleccionar la fase correspondiente al retrabajo. | N98: MEDIUM | O98: FUNCTIONAL | P98: Existe una OT no conforme. | Q98: Fase y operadores habilitados/no habilitados según escenario. | R98: El Jefe puede seleccionar la fase correspondiente al retrabajo. | S98: 1. Abrir la OT. 2. Consultar las fases. 3. Seleccionar la fase que requiere retrabajo. | T98: El Jefe puede seleccionar la fase correspondiente al retrabajo. | V98: NOT RUN | W98: TC-C-2.3-02 | AA98: OFICIAL / BASELINE | AB98: PRD V2 + Backlog V2 + DB V2 + QA | AC98: Caso del alcance
A99: Épica 2 — Jefe de Producción | B99: Gestión de cotizaciones, órdenes de trabajo y planta. | C99: FUNCIONAL | D99: No conformidades / retrabajo | E99: No conformidades / retrabajo | F99: HU-2.3 — No conformidades / retrabajo | G99: Seleccionar operador habilitado | H99: TC-C-2.3-03 | I99: EP-02 | J99: F-13 | K99: HU-2.3 | L99: Seleccionar operador habilitado | M99: El operador puede ser asignado correctamente. | N99: MEDIUM | O99: FUNCTIONAL | P99: Existe una fase seleccionada para retrabajo y al menos un operador habilitado. | Q99: Fase y operadores habilitados/no habilitados según escenario. | R99: El operador puede ser asignado correctamente. | S99: 1. Seleccionar la fase. 2. Consultar operadores disponibles. 3. Seleccionar un operador habilitado. | T99: El operador puede ser asignado correctamente. | V99: NOT RUN | W99: TC-C-2.3-03 | AA99: OFICIAL / BASELINE | AB99: PRD V2 + Backlog V2 + DB V2 + QA | AC99: Caso del alcance
A100: Épica 2 — Jefe de Producción | B100: Gestión de cotizaciones, órdenes de trabajo y planta. | C100: FUNCIONAL | D100: No conformidades / retrabajo | E100: No conformidades / retrabajo | F100: HU-2.3 — No conformidades / retrabajo | G100: Intentar seleccionar operador no habilitado | H100: TC-C-2.3-04 | I100: EP-02 | J100: F-13 | K100: HU-2.3 | L100: Intentar seleccionar operador no habilitado | M100: El sistema impide la asignación. | N100: MEDIUM | O100: FUNCTIONAL | P100: Existe una fase de retrabajo y un operador que no está habilitado para ella. | Q100: Fase y operadores habilitados/no habilitados según escenario. | R100: El sistema impide la asignación. | S100: 1. Seleccionar la fase. 2. Intentar asignar el operador no habilitado. | T100: El sistema impide la asignación. | V100: NOT RUN | W100: TC-C-2.3-04 | AA100: OFICIAL / BASELINE | AB100: PRD V2 + Backlog V2 + DB V2 + QA | AC100: Caso del alcance
A101: Épica 2 — Jefe de Producción | B101: Gestión de cotizaciones, órdenes de trabajo y planta. | C101: FUNCIONAL | D101: No conformidades / retrabajo | E101: No conformidades / retrabajo | F101: HU-2.3 — No conformidades / retrabajo | G101: Registrar tiempo de retrabajo | H101: TC-C-2.3-05 | I101: EP-02 | J101: F-13 | K101: HU-2.3 | L101: Registrar tiempo de retrabajo | M101: El tiempo de retrabajo queda registrado correctamente. | N101: MEDIUM | O101: FUNCTIONAL | P101: Fase y operador seleccionados. | Q101: Datos de prueba válidos y variantes del escenario. | R101: El tiempo de retrabajo queda registrado correctamente. | S101: 1. Ingresar el tiempo estimado. 2. Confirmar la configuración del retrabajo. | T101: El tiempo de retrabajo queda registrado correctamente. | V101: NOT RUN | W101: TC-C-2.3-05 | AA101: OFICIAL / BASELINE | AB101: PRD V2 + Backlog V2 + DB V2 + QA | AC101: Caso del alcance
... A123: Épica 4 — Calidad | B123: Control de calidad, auditoría, veredicto y cierre. | C123: FUNCIONAL | D123: Veredicto | E123: Veredicto | F123: HU-4.3 — Veredicto | G123: Calidad no selecciona directamente la fase de retrabajo | H123: TC-C-4.3-05 | I123: EP-04 | J123: F-12 | K123: HU-4.3 | L123: Calidad no selecciona directamente la fase de retrabajo | M123: Calidad registra el resultado y las observaciones, pero la selección de la fase de retrabajo corresponde al Jefe. | N123: MEDIUM | O123: FUNCTIONAL | P123: Se está registrando un resultado No conforme. | Q123: Fase y operadores habilitados/no habilitados según escenario. | R123: Calidad registra el resultado y las observaciones, pero la selección de la fase de retrabajo corresponde al Jefe. | S123: 1. Ingresar como Calidad. 2. Completar checklist. 3. Emitir No conforme. 4. Revisar las opciones disponibles. | T123: Calidad registra el resultado y las observaciones, pero la selección de la fase de retrabajo corresponde al Jefe. | V123: NOT RUN | W123: TC-C-4.3-05 | AA123: OFICIAL / BASELINE | AB123: PRD V2 + Backlog V2 + DB V2 + QA | AC123: Caso del alcance
A124: E2E transversal | B124: Flujo end-to-end de Fase C. | C124: FUNCIONAL | D124: E2E Fase C | E124: Cobertura end-to-end Fase C | F124: E2E Fase C | G124: Camino feliz Calidad → Despacho → Entrega | H124: E2E-C-01 | J124: F-E2E-C | K124: E2E-C | L124: Camino feliz Calidad → Despacho → Entrega | M124: 1. Acceso correcto 2. OT disponible 3. Expediente correspondiente visible 4. 7 puntos visibles 5. Respuestas completas 6. Veredicto preparado 7. OT habilitada para despacho 8. OT pasa a DESPACHO 9. Receptor persistido 10. Fecha persistida 11. OT pasa a ENTREGADA | N124: CRITICAL | O124: E2E | P124: * OT en EN_CALIDAD. * Producción finalizada. * Usuario Calidad disponible. * Usuario habilitado para despacho/entrega. | Paso | Acción | Resultado esperado | Estado | | ---: | -------------------------------- | ---------------------------------- | --------- | | 1 | Ingresar como Calidad | Acceso correcto | NOT RUN | | 2 | Consultar cola de Calidad | OT disponible | NOT RUN | | 3 | Abrir expediente | Expediente correspondiente visible | NOT RUN | | 4 | Abrir checklist | 7 puntos visibles | NOT RUN | | 5 | Completar los 7 puntos | Respuestas completas | NOT RUN | | 6 | Seleccionar veredicto Conforme | Veredicto preparado | NOT RUN | | 7 | Confirmar auditoría | OT habilitada para despacho | NOT RUN | | 8 | Registrar despacho | OT pasa a DESPACHO | NOT RUN | | 9 | Registrar receptor | Receptor persistido | NOT RUN | | 10 | Registrar fecha | Fecha persistida | NOT RUN | | 11 | Confirmar entrega | OT pasa a ENTREGADA | NOT RUN | --- | Q124: OT en DESPACHO o estado distinto; receptor/fecha cuando corresponda. | R124: 1. Acceso correcto 2. OT disponible 3. Expediente correspondiente visible 4. 7 puntos visibles 5. Respuestas completas 6. Veredicto preparado 7. OT habilitada para despacho 8. OT pasa a DESPACHO 9. Receptor persistido 10. Fecha persistida 11. OT pasa a ENTREGADA | S124: 1. Ingresar como Calidad 2. Consultar cola de Calidad 3. Abrir expediente 4. Abrir checklist 5. Completar los 7 puntos 6. Seleccionar veredicto Conforme 7. Confirmar auditoría 8. Registrar despacho 9. Registrar receptor 10. Registrar fecha 11. Confirmar entrega | T124: 1. Acceso correcto 2. OT disponible 3. Expediente correspondiente visible 4. 7 puntos visibles 5. Respuestas completas 6. Veredicto preparado 7. OT habilitada para despacho 8. OT pasa a DESPACHO 9. Receptor persistido 10. Fecha persistida 11. OT pasa a ENTREGADA | V124: NOT RUN | W124: E2E-C-01 | AA124: OFICIAL / BASELINE | AB124: PRD V2 + Backlog V2 + DB V2 + QA | AC124: Caso del alcance
A125: E2E transversal | B125: Flujo end-to-end de Fase C. | C125: FUNCIONAL | D125: E2E Fase C | E125: Cobertura end-to-end Fase C | F125: E2E Fase C | G125: No conformidad y retrabajo | H125: E2E-C-NEG-01 | J125: F-E2E-C | K125: E2E-C | L125: No conformidad y retrabajo | M125: 1. Expediente disponible 2. 7 puntos visibles 3. Sistema solicita observación 4. Observación aceptada 5. Todas las respuestas completas 6. Veredicto preparado 7. OT pasa a NO_CONFORME 8. OT no conforme disponible 9. Observaciones de Calidad visibles 10. Fase seleccionada 11. Operador asignado 12. Tiempo registrado 13. OT vuelve a producción 14. Fase pasa por el circuito productivo 15. Fase queda TERMINADO 16. OT vuelve a EN_CALIDAD | N125: CRITICAL | O125: E2E | P125: * OT en EN_CALIDAD. * Usuario Calidad disponible. * Usuario Jefe disponible. * Operador habilitado para el retrabajo. | Paso | Acción | Resultado esperado | Estado | | ---: | ----------------------------------------- | ------------------------------------ | --------- | | 1 | Abrir OT en Calidad | Expediente disponible | NOT RUN | | 2 | Abrir checklist | 7 puntos visibles | NOT RUN | | 3 | Marcar al menos un punto como No cumple | Sistema solicita observación | NOT RUN | | 4 | Registrar observación | Observación aceptada | NOT RUN | | 5 | Completar checklist | Todas las respuestas completas | NOT RUN | | 6 | Seleccionar No conforme | Veredicto preparado | NOT RUN | | 7 | Confirmar auditoría | OT pasa a NO_CONFORME | NOT RUN | | 8 | Ingresar como Jefe | OT no conforme disponible | NOT RUN | | 9 | Consultar observaciones | Observaciones de Calidad visibles | NOT RUN | | 10 | Seleccionar fase de retrabajo | Fase seleccionada | NOT RUN | | 11 | Seleccionar operador habilitado | Operador asignado | NOT RUN | | 12 | Registrar tiempo | Tiempo registrado | NOT RUN | | 13 | Confirmar retrabajo | OT vuelve a producción | NOT RUN | | 14 | Ejecutar retrabajo | Fase pasa por el circuito productivo | NOT RUN | | 15 | Finalizar retrabajo | Fase queda TERMINADO | NOT RUN | | 16 | Consultar OT | OT vuelve a EN_CALIDAD | NOT RUN | --- | Q125: Datos de prueba válidos y variantes del escenario. | R125: 1. Expediente disponible 2. 7 puntos visibles 3. Sistema solicita observación 4. Observación aceptada 5. Todas las respuestas completas 6. Veredicto preparado 7. OT pasa a NO_CONFORME 8. OT no conforme disponible 9. Observaciones de Calidad visibles 10. Fase seleccionada 11. Operador asignado 12. Tiempo registrado 13. OT vuelve a producción 14. Fase pasa por el circuito productivo 15. Fase queda TERMINADO 16. OT vuelve a EN_CALIDAD | S125: 1. Abrir OT en Calidad 2. Abrir checklist 3. Marcar al menos un punto como No cumple 4. Registrar observación 5. Completar checklist 6. Seleccionar No conforme 7. Confirmar auditoría 8. Ingresar como Jefe 9. Consultar observaciones 10. Seleccionar fase de retrabajo 11. Seleccionar operador habilitado 12. Registrar tiempo 13. Confirmar retrabajo 14. Ejecutar retrabajo 15. Finalizar retrabajo 16. Consultar OT | T125: 1. Expediente disponible 2. 7 puntos visibles 3. Sistema solicita observación 4. Observación aceptada 5. Todas las respuestas completas 6. Veredicto preparado 7. OT pasa a NO_CONFORME 8. OT no conforme disponible 9. Observaciones de Calidad visibles 10. Fase seleccionada 11. Operador asignado 12. Tiempo registrado 13. OT vuelve a producción 14. Fase pasa por el circuito productivo 15. Fase queda TERMINADO 16. OT vuelve a EN_CALIDAD | V125: NOT RUN | W125: E2E-C-NEG-01 | AA125: OFICIAL / BASELINE | AB125: PRD V2 + Backlog V2 + DB V2 + QA | AC125: Caso del alcance
A126: E2E transversal | B126: Flujo end-to-end de Fase C. | C126: FUNCIONAL | D126: E2E Fase C | E126: Cobertura end-to-end Fase C | F126: E2E Fase C | G126: Intentar emitir un veredicto sin completar las respuestas requeridas. | H126: E2E-C-NEG-02 | J126: F-E2E-C | K126: E2E-C | L126: Intentar emitir un veredicto sin completar las respuestas requeridas. | M126: El sistema impide finalizar la auditoría. | N126: CRITICAL | O126: E2E | P126: Usuarios y datos de prueba disponibles. | Q126: OT en EN_CALIDAD; respuestas de checklist según escenario. | R126: El sistema impide finalizar la auditoría. | S126: 1. Ingresar como usuario autorizado. 2. Acceder a la funcionalidad. 3. Preparar los datos del escenario. 4. Ejecutar la acción indicada. 5. Verificar el resultado esperado. | T126: El sistema impide finalizar la auditoría. | V126: NOT RUN | W126: E2E-C-NEG-02 | AA126: OFICIAL / BASELINE | AB126: PRD V2 + Backlog V2 + DB V2 + QA | AC126: Caso del alcance
A127: E2E transversal | B127: Flujo end-to-end de Fase C. | C127: FUNCIONAL | D127: E2E Fase C | E127: Cobertura end-to-end Fase C | F127: E2E Fase C | G127: Intentar completar la auditoría con un punto No cumple sin observación. | H127: E2E-C-NEG-03 | J127: F-E2E-C | K127: E2E-C | L127: Intentar completar la auditoría con un punto No cumple sin observación. | M127: El sistema impide completar la operación. | N127: CRITICAL | O127: E2E | P127: Usuarios y datos de prueba disponibles. | Q127: Datos de prueba válidos y variantes del escenario. | R127: El sistema impide completar la operación. | S127: 1. Ingresar como usuario autorizado. 2. Acceder a la funcionalidad. 3. Preparar los datos del escenario. 4. Ejecutar la acción indicada. 5. Verificar el resultado esperado. | T127: El sistema impide completar la operación. | V127: NOT RUN | W127: E2E-C-NEG-03 | AA127: OFICIAL / BASELINE | AB127: PRD V2 + Backlog V2 + DB V2 + QA | AC127: Caso del alcance
A128: E2E transversal | B128: Flujo end-to-end de Fase C. | C128: FUNCIONAL | D128: E2E Fase C | E128: Cobertura end-to-end Fase C | F128: E2E Fase C | G128: Intentar registrar una entrega cuando la OT no se encuentra en DESPACHO. | H128: E2E-C-NEG-04 | J128: F-E2E-C | K128: E2E-C | L128: Intentar registrar una entrega cuando la OT no se encuentra en DESPACHO. | M128: El sistema impide realizar la entrega. | N128: CRITICAL | O128: E2E | P128: Usuarios y datos de prueba disponibles. | Q128: OT en DESPACHO o estado distinto; receptor/fecha cuando corresponda. | R128: El sistema impide realizar la entrega. | S128: 1. Ingresar como usuario autorizado. 2. Acceder a la funcionalidad. 3. Preparar los datos del escenario. 4. Ejecutar la acción indicada. 5. Verificar el resultado esperado. | T128: El sistema impide realizar la entrega. | V128: NOT RUN | W128: E2E-C-NEG-04 | AA128: OFICIAL / BASELINE | AB128: PRD V2 + Backlog V2 + DB V2 + QA | AC128: Caso del alcance
A129: E2E transversal | B129: Flujo end-to-end de Fase C. | C129: FUNCIONAL | D129: E2E Fase C | E129: Cobertura end-to-end Fase C | F129: E2E Fase C | G129: Intentar enviar a despacho una OT cuyo veredicto es No conforme. | H129: E2E-C-NEG-05 | J129: F-E2E-C | K129: E2E-C | L129: Intentar enviar a despacho una OT cuyo veredicto es No conforme. | M129: El sistema impide el despacho. | N129: CRITICAL | O129: E2E | P129: Usuarios y datos de prueba disponibles. | Q129: OT en EN_CALIDAD; respuestas de checklist según escenario. | R129: El sistema impide el despacho. | S129: 1. Ingresar como usuario autorizado. 2. Acceder a la funcionalidad. 3. Preparar los datos del escenario. 4. Ejecutar la acción indicada. 5. Verificar el resultado esperado. | T129: El sistema impide el despacho. | V129: NOT RUN | W129: E2E-C-NEG-05 | AA129: OFICIAL / BASELINE | AB129: PRD V2 + Backlog V2 + DB V2 + QA | AC129: Caso del alcance
A130: Épica 1 — Vendedor | B130: Circuito comercial del Vendedor: registro de solicitudes y gestión de cotizaciones derivadas. | C130: FUNCIONAL | D130: Buscar órdenes / expediente completo | E130: Buscar órdenes / expediente completo | F130: HU-1.2 — Buscar órdenes / expediente completo | G130: Acceso a búsqueda de órdenes | H130: TC-D-1.2-01 | I130: EP-01 | J130: F-15 | K130: HU-1.2 | L130: Acceso a búsqueda de órdenes | M130: La funcionalidad de búsqueda se encuentra disponible para el usuario autorizado. Evidencia: NOT RUN Defecto / Issue: N/A PR: N/A Observaciones: N/A --- | N130: MEDIUM | O130: FUNCTIONAL | P130: * Usuario autenticado con permisos para consultar órdenes. * Existencia de al menos una orden registrada. | Q130: Datos de prueba válidos y variantes del escenario. | R130: La funcionalidad de búsqueda se encuentra disponible para el usuario autorizado. Evidencia: NOT RUN Defecto / Issue: N/A PR: N/A Observaciones: N/A --- | S130: 1. Ingresar como usuario autorizado. 2. Acceder a la funcionalidad. 3. Preparar los datos del escenario. 4. Ejecutar la acción indicada. 5. Verificar el resultado esperado. | T130: La funcionalidad de búsqueda se encuentra disponible para el usuario autorizado. Evidencia: NOT RUN Defecto / Issue: N/A PR: N/A Observaciones: N/A --- | V130: NOT RUN | W130: TC-D-1.2-01 | AA130: OFICIAL / BASELINE | AB130: PRD V2 + Backlog V2 + DB V2 + QA | AC130: Caso del alcance
A131: Épica 1 — Vendedor | B131: Circuito comercial del Vendedor: registro de solicitudes y gestión de cotizaciones derivadas. | C131: FUNCIONAL | D131: Buscar órdenes / expediente completo | E131: Buscar órdenes / expediente completo | F131: HU-1.2 — Buscar órdenes / expediente completo | G131: Buscar orden existente | H131: TC-D-1.2-02 | I131: EP-01 | J131: F-15 | K131: HU-1.2 | L131: Buscar orden existente | M131: El sistema encuentra la orden correspondiente y permite acceder a su información. Evidencia: NOT RUN Defecto / Issue: N/A PR: N/A Observaciones: N/A --- | N131: MEDIUM | O131: FUNCTIONAL | P131: * Existe una OT conocida. | Q131: Datos de prueba válidos y variantes del escenario. | R131: El sistema encuentra la orden correspondiente y permite acceder a su información. Evidencia: NOT RUN Defecto / Issue: N/A PR: N/A Observaciones: N/A --- | S131: 1. Ingresar como usuario autorizado. 2. Acceder a la funcionalidad. 3. Preparar los datos del escenario. 4. Ejecutar la acción indicada. 5. Verificar el resultado esperado. | T131: El sistema encuentra la orden correspondiente y permite acceder a su información. Evidencia: NOT RUN Defecto / Issue: N/A PR: N/A Observaciones: N/A --- | V131: NOT RUN | W131: TC-D-1.2-02 | AA131: OFICIAL / BASELINE | AB131: PRD V2 + Backlog V2 + DB V2 + QA | AC131: Caso del alcance
A132: Épica 1 — Vendedor | B132: Circuito comercial del Vendedor: registro de solicitudes y gestión de cotizaciones derivadas. | C132: FUNCIONAL | D132: Buscar órdenes / expediente completo | E132: Buscar órdenes / expediente completo | F132: HU-1.2 — Buscar órdenes / expediente completo | G132: Buscar orden inexistente | H132: TC-D-1.2-03 | I132: EP-01 | J132: F-15 | K132: HU-1.2 | L132: Buscar orden inexistente | M132: El sistema informa que no existen resultados para el criterio utilizado y no muestra información correspondiente a otra orden. Evidencia: NOT RUN Defecto / Issue: N/A PR: N/A Observaciones: N/A --- | N132: MEDIUM | O132: FUNCTIONAL | P132: Usuario autorizado; OT o datos de búsqueda disponibles. | Q132: Datos de prueba válidos y variantes del escenario. | R132: El sistema informa que no existen resultados para el criterio utilizado y no muestra información correspondiente a otra orden. Evidencia: NOT RUN Defecto / Issue: N/A PR: N/A Observaciones: N/A --- | S132: 1. Ingresar como usuario autorizado. 2. Acceder a la funcionalidad. 3. Preparar los datos del escenario. 4. Ejecutar la acción indicada. 5. Verificar el resultado esperado. | T132: El sistema informa que no existen resultados para el criterio utilizado y no muestra información correspondiente a otra orden. Evidencia: NOT RUN Defecto / Issue: N/A PR: N/A Observaciones: N/A --- | V132: NOT RUN | W132: TC-D-1.2-03 | AA132: OFICIAL / BASELINE | AB132: PRD V2 + Backlog V2 + DB V2 + QA | AC132: Caso del alcance
A133: Épica 1 — Vendedor | B133: Circuito comercial del Vendedor: registro de solicitudes y gestión de cotizaciones derivadas. | C133: FUNCIONAL | D133: Buscar órdenes / expediente completo | E133: Buscar órdenes / expediente completo | F133: HU-1.2 — Buscar órdenes / expediente completo | G133: Visualizar expediente completo | H133: TC-D-1.2-04 | I133: EP-01 | J133: F-15 | K133: HU-1.2 | L133: Visualizar expediente completo | M133: El expediente permite consultar la información correspondiente a la orden y mantiene relación con los datos registrados durante su ciclo. Evidencia: NOT RUN Defecto / Issue: N/A PR: N/A Observaciones: N/A --- | N133: MEDIUM | O133: FUNCTIONAL | P133: * Existe una orden con información registrada en diferentes etapas. | Q133: Datos de prueba válidos y variantes del escenario. | R133: El expediente permite consultar la información correspondiente a la orden y mantiene relación con los datos registrados durante su ciclo. Evidencia: NOT RUN Defecto / Issue: N/A PR: N/A Observaciones: N/A --- | S133: 1. Ingresar como usuario autorizado. 2. Acceder a la funcionalidad. 3. Preparar los datos del escenario. 4. Ejecutar la acción indicada. 5. Verificar el resultado esperado. | T133: El expediente permite consultar la información correspondiente a la orden y mantiene relación con los datos registrados durante su ciclo. Evidencia: NOT RUN Defecto / Issue: N/A PR: N/A Observaciones: N/A --- | V133: NOT RUN | W133: TC-D-1.2-04 | AA133: OFICIAL / BASELINE | AB133: PRD V2 + Backlog V2 + DB V2 + QA | AC133: Caso del alcance
A134: Épica 1 — Vendedor | B134: Circuito comercial del Vendedor: registro de solicitudes y gestión de cotizaciones derivadas. | C134: FUNCIONAL | D134: Buscar órdenes / expediente completo | E134: Buscar órdenes / expediente completo | F134: HU-1.2 — Buscar órdenes / expediente completo | G134: Consistencia de estados del expediente | H134: TC-D-1.2-05 | I134: EP-01 | J134: F-15 | K134: HU-1.2 | L134: Consistencia de estados del expediente | M134: El estado informado en el expediente coincide con el estado registrado para la orden. Evidencia: NOT RUN Defecto / Issue: N/A PR: N/A Observaciones: N/A --- | N134: HIGH | O134: FUNCTIONAL | P134: * Existe una OT cuyo estado actual es conocido. | Q134: Datos de prueba válidos y variantes del escenario. | R134: El estado informado en el expediente coincide con el estado registrado para la orden. Evidencia: NOT RUN Defecto / Issue: N/A PR: N/A Observaciones: N/A --- | S134: 1. Ingresar como usuario autorizado. 2. Acceder a la funcionalidad. 3. Preparar los datos del escenario. 4. Ejecutar la acción indicada. 5. Verificar el resultado esperado. | T134: El estado informado en el expediente coincide con el estado registrado para la orden. Evidencia: NOT RUN Defecto / Issue: N/A PR: N/A Observaciones: N/A --- | V134: NOT RUN | W134: TC-D-1.2-05 | AA134: OFICIAL / BASELINE | AB134: PRD V2 + Backlog V2 + DB V2 + QA | AC134: Caso del alcance
A135: Épica 1 — Vendedor | B135: Circuito comercial del Vendedor: registro de solicitudes y gestión de cotizaciones derivadas. | C135: FUNCIONAL | D135: Buscar órdenes / expediente completo | E135: Buscar órdenes / expediente completo | F135: HU-1.2 — Buscar órdenes / expediente completo | G135: Visualización de fases y trazabilidad | H135: TC-D-1.2-06 | I135: EP-01 | J135: F-15 | K135: HU-1.2 | L135: Visualización de fases y trazabilidad | M135: Las fases correspondientes a la orden pueden identificarse y sus estados coinciden con los registrados en producción. Evidencia: NOT RUN Defecto / Issue: N/A PR: N/A Observaciones: N/A --- | N135: MEDIUM | O135: FUNCTIONAL | P135: * Existe una OT con más de una fase. * Las fases poseen estados registrados. | Q135: Fase y operadores habilitados/no habilitados según escenario. | R135: Las fases correspondientes a la orden pueden identificarse y sus estados coinciden con los registrados en producción. Evidencia: NOT RUN Defecto / Issue: N/A PR: N/A Observaciones: N/A --- | S135: 1. Ingresar como usuario autorizado. 2. Acceder a la funcionalidad. 3. Preparar los datos del escenario. 4. Ejecutar la acción indicada. 5. Verificar el resultado esperado. | T135: Las fases correspondientes a la orden pueden identificarse y sus estados coinciden con los registrados en producción. Evidencia: NOT RUN Defecto / Issue: N/A PR: N/A Observaciones: N/A --- | V135: NOT RUN | W135: TC-D-1.2-06 | AA135: OFICIAL / BASELINE | AB135: PRD V2 + Backlog V2 + DB V2 + QA | AC135: Caso del alcance
A136: Épica 1 — Vendedor | B136: Circuito comercial del Vendedor: registro de solicitudes y gestión de cotizaciones derivadas. | C136: FUNCIONAL | D136: Buscar órdenes / expediente completo | E136: Buscar órdenes / expediente completo | F136: HU-1.2 — Buscar órdenes / expediente completo | G136: Visualización de información de Calidad | H136: TC-D-1.2-07 | I136: EP-01 | J136: F-15 | K136: HU-1.2 | L136: Visualización de información de Calidad | M136: La información de Calidad asociada a la OT puede consultarse y corresponde a la orden seleccionada. Evidencia: NOT RUN Defecto / Issue: N/A PR: N/A Observaciones: N/A --- | N136: MEDIUM | O136: FUNCTIONAL | P136: * Existe una OT que haya llegado a Calidad. | Q136: Datos de prueba válidos y variantes del escenario. | R136: La información de Calidad asociada a la OT puede consultarse y corresponde a la orden seleccionada. Evidencia: NOT RUN Defecto / Issue: N/A PR: N/A Observaciones: N/A --- | S136: 1. Ingresar como usuario autorizado. 2. Acceder a la funcionalidad. 3. Preparar los datos del escenario. 4. Ejecutar la acción indicada. 5. Verificar el resultado esperado. | T136: La información de Calidad asociada a la OT puede consultarse y corresponde a la orden seleccionada. Evidencia: NOT RUN Defecto / Issue: N/A PR: N/A Observaciones: N/A --- | V136: NOT RUN | W136: TC-D-1.2-07 | AA136: OFICIAL / BASELINE | AB136: PRD V2 + Backlog V2 + DB V2 + QA | AC136: Caso del alcance
A137: Épica 1 — Vendedor | B137: Circuito comercial del Vendedor: registro de solicitudes y gestión de cotizaciones derivadas. | C137: FUNCIONAL | D137: Buscar órdenes / expediente completo | E137: Buscar órdenes / expediente completo | F137: HU-1.2 — Buscar órdenes / expediente completo | G137: Visualización de adjuntos del expediente | H137: TC-D-1.2-08 | I137: EP-01 | J137: F-15 | K137: HU-1.2 | L137: Visualización de adjuntos del expediente | M137: El adjunto corresponde a la orden consultada y puede visualizarse según las reglas definidas para adjuntos. Evidencia: NOT RUN Defecto / Issue: N/A PR: N/A Observaciones: N/A --- | N137: MEDIUM | O137: FUNCTIONAL | P137: * Existe una orden con un adjunto registrado. | Q137: Archivo válido o archivo mayor a 10 MB según escenario. | R137: El adjunto corresponde a la orden consultada y puede visualizarse según las reglas definidas para adjuntos. Evidencia: NOT RUN Defecto / Issue: N/A PR: N/A Observaciones: N/A --- | S137: 1. Ingresar como usuario autorizado. 2. Acceder a la funcionalidad. 3. Preparar los datos del escenario. 4. Ejecutar la acción indicada. 5. Verificar el resultado esperado. | T137: El adjunto corresponde a la orden consultada y puede visualizarse según las reglas definidas para adjuntos. Evidencia: NOT RUN Defecto / Issue: N/A PR: N/A Observaciones: N/A --- | V137: NOT RUN | W137: TC-D-1.2-08 | AA137: OFICIAL / BASELINE | AB137: PRD V2 + Backlog V2 + DB V2 + QA | AC137: Caso del alcance
A138: Épica 1 — Vendedor | B138: Circuito comercial del Vendedor y consulta del expediente. | C138: FUNCIONAL | D138: Buscar órdenes / expediente completo | E138: Buscar órdenes / expediente completo | F138: HU-1.2 — Buscar órdenes / expediente completo | G138: Consultar notas del expediente | H138: TC-D-1.2-09 | I138: EP-01 | J138: F-15 | K138: HU-1.2 | L138: Consultar notas del expediente | M138: Se muestran las notas disponibles de la OT con su origen correspondiente. | N138: MEDIUM | O138: FUNCTIONAL | P138: Usuario autorizado; existe una OT con notas registradas de los orígenes definidos. | Q138: OT con nota de Jefe y/o Calidad; identificador de OT válido. | R138: Las notas disponibles se muestran asociadas a la OT y con su origen identificado. | S138: 1. Ingresar con un usuario autorizado. 2. Buscar una OT existente. 3. Abrir el expediente. 4. Consultar las notas. 5. Verificar el origen de cada nota. | T138: Las notas disponibles se muestran asociadas a la OT y con su origen identificado. | V138: NOT RUN | W138: TC-D-1.2-09 | X138: INCORPORADO: caso faltante detectado al contrastar el Excel con la matriz general vigente. Se incorpora para completar la cobertura del proyecto. | AA138: OFICIAL / INCORPORADO | AB138: Matriz General QA vigente | AC138: Caso faltante incorporado
A139: Épica 1 — Vendedor | B139: Circuito comercial del Vendedor y consulta del expediente. | C139: FUNCIONAL | D139: Buscar órdenes / expediente completo | E139: Buscar órdenes / expediente completo | F139: HU-1.2 — Buscar órdenes / expediente completo | G139: Consultar checklist y veredicto del expediente | H139: TC-D-1.2-10 | I139: EP-01 | J139: F-15 | K139: HU-1.2 | L139: Consultar checklist y veredicto del expediente | M139: La información de Calidad forma parte del expediente de la OT. | N139: HIGH | O139: FUNCTIONAL | P139: Usuario autorizado; existe una OT con auditoría de Calidad finalizada. | Q139: OT con checklist completo y veredicto Conforme o No conforme. | R139: El expediente muestra el checklist y el veredicto correspondientes a la OT consultada. | S139: 1. Ingresar con un usuario autorizado. 2. Buscar una OT existente. 3. Abrir el expediente. 4. Consultar la información de Calidad. 5. Comparar checklist y veredicto con la OT. | T139: El expediente muestra el checklist y el veredicto correspondientes a la OT consultada. | V139: NOT RUN | W139: TC-D-1.2-10 | X139: INCORPORADO: caso faltante detectado al contrastar el Excel con la matriz general vigente. Se incorpora para completar la cobertura del proyecto. | AA139: OFICIAL / INCORPORADO | AB139: Matriz General QA vigente | AC139: Caso faltante incorporado
A140: Épica 1 — Vendedor | B140: Circuito comercial del Vendedor y consulta del expediente. | C140: FUNCIONAL | D140: Buscar órdenes / expediente completo | E140: Buscar órdenes / expediente completo | F140: HU-1.2 — Buscar órdenes / expediente completo | G140: Consultar información de despacho y entrega | H140: TC-D-1.2-11 | I140: EP-01 | J140: F-15 | K140: HU-1.2 | L140: Consultar información de despacho y entrega | M140: El expediente permite consultar la información correspondiente al despacho y la entrega. | N140: HIGH | O140: FUNCTIONAL | P140: Usuario autorizado; existe una OT que alcanzó Despacho o Entregada. | Q140: OT en DESPACHO o ENTREGADA; receptor y fecha de entrega cuando corresponda. | R140: Los datos de despacho/entrega visibles corresponden a la OT consultada. | S140: 1. Ingresar con un usuario autorizado. 2. Buscar una OT existente. 3. Abrir el expediente. 4. Consultar despacho/entrega. 5. Verificar receptor, fecha y estado. | T140: Los datos de despacho/entrega visibles corresponden a la OT consultada. | V140: NOT RUN | W140: TC-D-1.2-11 | X140: INCORPORADO: caso faltante detectado al contrastar el Excel con la matriz general vigente. Se incorpora para completar la cobertura del proyecto. | AA140: OFICIAL / INCORPORADO | AB140: Matriz General QA vigente | AC140: Caso faltante incorporado
A141: Épica 1 — Vendedor | B141: Circuito comercial del Vendedor y consulta del expediente. | C141: FUNCIONAL | D141: Buscar órdenes / expediente completo | E141: Buscar órdenes / expediente completo | F141: HU-1.2 — Buscar órdenes / expediente completo | G141: Verificar consistencia entre expediente y estados | H141: TC-D-1.2-12 | I141: EP-01 | J141: F-15 | K141: HU-1.2 | L141: Verificar consistencia entre expediente y estados | M141: Los estados mostrados en el expediente corresponden al estado real registrado para la OT. | N141: HIGH | O141: VALIDATION | P141: Usuario autorizado; existe una OT cuyo estado actual es conocido. | Q141: OT en un estado válido; expediente con datos de cliente, cotización, fases y Calidad según corresponda. | R141: El estado informado en el expediente coincide con el estado registrado para la OT. | S141: 1. Ingresar con un usuario autorizado. 2. Buscar una OT existente. 3. Abrir el expediente. 4. Verificar el estado informado. 5. Compararlo con el estado real de la OT. | T141: El estado informado en el expediente coincide con el estado registrado para la OT. | V141: NOT RUN | W141: TC-D-1.2-12 | X141: INCORPORADO: caso faltante detectado al contrastar el Excel con la matriz general vigente. Se incorpora para completar la cobertura del proyecto. | AA141: OFICIAL / INCORPORADO | AB141: Matriz General QA vigente | AC141: Caso faltante incorporado
...

Sheet LISTAS
A1: PRIORITY | B1: TYPE | C1: STATUS | D1: SEVERITY | E1: REQUERIMIENTO | G1: ALINEACIÓN
A2: CRITICAL | B2: FUNCTIONAL | C2: NOT RUN | D2: CRITICAL | E2: FUNCIONAL | G2: OFICIAL / BASELINE
A3: HIGH | B3: NEGATIVE | C3: PASS | D3: HIGH | E3: NO FUNCIONAL | G3: OFICIAL / INCORPORADO
A4: MEDIUM | B4: VALIDATION | C4: FAIL | D4: MEDIUM
A5: LOW | B5: INTEGRATION | C5: BLOCKED | D5: LOW
B6: E2E
B7: REGRESSION
B8: SECURITY
A11: Valores controlados. NOT RUN = diseñado/no ejecutado; PASS/FAIL/BLOCKED se completan durante la ejecución.

Sheet RESUMEN
A1: QualityTrack — Resumen de cobertura de casos de prueba
A3: Cobertura por área | B3: Casos | C3: NOT RUN | D3: PASS | E3: FAIL | F3: BLOCKED
A4: FASE A — HU-1.1 — Levantar pedido | B4: =COUNTIF('TEST-CASE'!$K$3:$K$159,"HU-1.1") -> 18 | C4: =COUNTIFS('TEST-CASE'!$K$3:$K$159,"HU-1.1",'TEST-CASE'!$V$3:$V$159,"NOT RUN") -> 0 | D4: =COUNTIFS('TEST-CASE'!$K$3:$K$159,"HU-1.1",'TEST-CASE'!$V$3:$V$159,"PASS") -> 17 | E4: =COUNTIFS('TEST-CASE'!$K$3:$K$159,"HU-1.1",'TEST-CASE'!$V$3:$V$159,"FAIL") -> 1 | F4: =COUNTIFS('TEST-CASE'!$K$3:$K$159,"HU-1.1",'TEST-CASE'!$V$3:$V$159,"BLOCKED") -> 0
A5: FASE A — HU-5.1 — Configuración de fases | B5: =COUNTIF('TEST-CASE'!$K$3:$K$159,"HU-5.1") -> 6 | C5: =COUNTIFS('TEST-CASE'!$K$3:$K$159,"HU-5.1",'TEST-CASE'!$V$3:$V$159,"NOT RUN") -> 0 | D5: =COUNTIFS('TEST-CASE'!$K$3:$K$159,"HU-5.1",'TEST-CASE'!$V$3:$V$159,"PASS") -> 5 | E5: =COUNTIFS('TEST-CASE'!$K$3:$K$159,"HU-5.1",'TEST-CASE'!$V$3:$V$159,"FAIL") -> 1 | F5: =COUNTIFS('TEST-CASE'!$K$3:$K$159,"HU-5.1",'TEST-CASE'!$V$3:$V$159,"BLOCKED") -> 0
A6: FASE A — HU-2.1 — Recepción de cotización | B6: =COUNTIF('TEST-CASE'!$K$3:$K$159,"HU-2.1") -> 8 | C6: =COUNTIFS('TEST-CASE'!$K$3:$K$159,"HU-2.1",'TEST-CASE'!$V$3:$V$159,"NOT RUN") -> 0 | D6: =COUNTIFS('TEST-CASE'!$K$3:$K$159,"HU-2.1",'TEST-CASE'!$V$3:$V$159,"PASS") -> 8 | E6: =COUNTIFS('TEST-CASE'!$K$3:$K$159,"HU-2.1",'TEST-CASE'!$V$3:$V$159,"FAIL") -> 0 | F6: =COUNTIFS('TEST-CASE'!$K$3:$K$159,"HU-2.1",'TEST-CASE'!$V$3:$V$159,"BLOCKED") -> 0
A7: FASE A — HU-1.3 — Cotizaciones derivadas | B7: =COUNTIF('TEST-CASE'!$K$3:$K$159,"HU-1.3") -> 14 | C7: =COUNTIFS('TEST-CASE'!$K$3:$K$159,"HU-1.3",'TEST-CASE'!$V$3:$V$159,"NOT RUN") -> 0 | D7: =COUNTIFS('TEST-CASE'!$K$3:$K$159,"HU-1.3",'TEST-CASE'!$V$3:$V$159,"PASS") -> 14 | E7: =COUNTIFS('TEST-CASE'!$K$3:$K$159,"HU-1.3",'TEST-CASE'!$V$3:$V$159,"FAIL") -> 0 | F7: =COUNTIFS('TEST-CASE'!$K$3:$K$159,"HU-1.3",'TEST-CASE'!$V$3:$V$159,"BLOCKED") -> 0
A8: FASE B — HU-3.1 — Tareas en ejecución y pendientes | B8: =COUNTIF('TEST-CASE'!$K$3:$K$159,"HU-3.1") -> 10 | C8: =COUNTIFS('TEST-CASE'!$K$3:$K$159,"HU-3.1",'TEST-CASE'!$V$3:$V$159,"NOT RUN") -> 0 | D8: =COUNTIFS('TEST-CASE'!$K$3:$K$159,"HU-3.1",'TEST-CASE'!$V$3:$V$159,"PASS") -> 10 | E8: =COUNTIFS('TEST-CASE'!$K$3:$K$159,"HU-3.1",'TEST-CASE'!$V$3:$V$159,"FAIL") -> 0 | F8: =COUNTIFS('TEST-CASE'!$K$3:$K$159,"HU-3.1",'TEST-CASE'!$V$3:$V$159,"BLOCKED") -> 0
A9: FASE B — HU-3.2 — Adjuntos | B9: =COUNTIF('TEST-CASE'!$K$3:$K$159,"HU-3.2") -> 5 | C9: =COUNTIFS('TEST-CASE'!$K$3:$K$159,"HU-3.2",'TEST-CASE'!$V$3:$V$159,"NOT RUN") -> 0 | D9: =COUNTIFS('TEST-CASE'!$K$3:$K$159,"HU-3.2",'TEST-CASE'!$V$3:$V$159,"PASS") -> 5 | E9: =COUNTIFS('TEST-CASE'!$K$3:$K$159,"HU-3.2",'TEST-CASE'!$V$3:$V$159,"FAIL") -> 0 | F9: =COUNTIFS('TEST-CASE'!$K$3:$K$159,"HU-3.2",'TEST-CASE'!$V$3:$V$159,"BLOCKED") -> 0
A10: FASE B — HU-3.3 — Vencimiento | B10: =COUNTIF('TEST-CASE'!$K$3:$K$159,"HU-3.3") -> 5 | C10: =COUNTIFS('TEST-CASE'!$K$3:$K$159,"HU-3.3",'TEST-CASE'!$V$3:$V$159,"NOT RUN") -> 0 | D10: =COUNTIFS('TEST-CASE'!$K$3:$K$159,"HU-3.3",'TEST-CASE'!$V$3:$V$159,"PASS") -> 5 | E10: =COUNTIFS('TEST-CASE'!$K$3:$K$159,"HU-3.3",'TEST-CASE'!$V$3:$V$159,"FAIL") -> 0 | F10: =COUNTIFS('TEST-CASE'!$K$3:$K$159,"HU-3.3",'TEST-CASE'!$V$3:$V$159,"BLOCKED") -> 0
A11: FASE B — HU-3.4 — Notas discriminadas por origen | B11: =COUNTIF('TEST-CASE'!$K$3:$K$159,"HU-3.4") -> 5 | C11: =COUNTIFS('TEST-CASE'!$K$3:$K$159,"HU-3.4",'TEST-CASE'!$V$3:$V$159,"NOT RUN") -> 0 | D11: =COUNTIFS('TEST-CASE'!$K$3:$K$159,"HU-3.4",'TEST-CASE'!$V$3:$V$159,"PASS") -> 5 | E11: =COUNTIFS('TEST-CASE'!$K$3:$K$159,"HU-3.4",'TEST-CASE'!$V$3:$V$159,"FAIL") -> 0 | F11: =COUNTIFS('TEST-CASE'!$K$3:$K$159,"HU-3.4",'TEST-CASE'!$V$3:$V$159,"BLOCKED") -> 0
A12: FASE B — HU-2.2 — Gestión de planta / reasignación | B12: =COUNTIF('TEST-CASE'!$K$3:$K$159,"HU-2.2") -> 6 | C12: =COUNTIFS('TEST-CASE'!$K$3:$K$159,"HU-2.2",'TEST-CASE'!$V$3:$V$159,"NOT RUN") -> 0 | D12: =COUNTIFS('TEST-CASE'!$K$3:$K$159,"HU-2.2",'TEST-CASE'!$V$3:$V$159,"PASS") -> 6 | E12: =COUNTIFS('TEST-CASE'!$K$3:$K$159,"HU-2.2",'TEST-CASE'!$V$3:$V$159,"FAIL") -> 0 | F12: =COUNTIFS('TEST-CASE'!$K$3:$K$159,"HU-2.2",'TEST-CASE'!$V$3:$V$159,"BLOCKED") -> 0
A13: FASE C — HU-4.1 — Órdenes terminadas | B13: =COUNTIF('TEST-CASE'!$K$3:$K$159,"HU-4.1") -> 5 | C13: =COUNTIFS('TEST-CASE'!$K$3:$K$159,"HU-4.1",'TEST-CASE'!$V$3:$V$159,"NOT RUN") -> 5 | D13: =COUNTIFS('TEST-CASE'!$K$3:$K$159,"HU-4.1",'TEST-CASE'!$V$3:$V$159,"PASS") -> 0 | E13: =COUNTIFS('TEST-CASE'!$K$3:$K$159,"HU-4.1",'TEST-CASE'!$V$3:$V$159,"FAIL") -> 0 | F13: =COUNTIFS('TEST-CASE'!$K$3:$K$159,"HU-4.1",'TEST-CASE'!$V$3:$V$159,"BLOCKED") -> 0
A14: FASE C — HU-4.2 — Auditoría / checklist | B14: =COUNTIF('TEST-CASE'!$K$3:$K$159,"HU-4.2") -> 9 | C14: =COUNTIFS('TEST-CASE'!$K$3:$K$159,"HU-4.2",'TEST-CASE'!$V$3:$V$159,"NOT RUN") -> 9 | D14: =COUNTIFS('TEST-CASE'!$K$3:$K$159,"HU-4.2",'TEST-CASE'!$V$3:$V$159,"PASS") -> 0 | E14: =COUNTIFS('TEST-CASE'!$K$3:$K$159,"HU-4.2",'TEST-CASE'!$V$3:$V$159,"FAIL") -> 0 | F14: =COUNTIFS('TEST-CASE'!$K$3:$K$159,"HU-4.2",'TEST-CASE'!$V$3:$V$159,"BLOCKED") -> 0
A15: FASE C — HU-4.3 — Veredicto | B15: =COUNTIF('TEST-CASE'!$K$3:$K$159,"HU-4.3") -> 5 | C15: =COUNTIFS('TEST-CASE'!$K$3:$K$159,"HU-4.3",'TEST-CASE'!$V$3:$V$159,"NOT RUN") -> 5 | D15: =COUNTIFS('TEST-CASE'!$K$3:$K$159,"HU-4.3",'TEST-CASE'!$V$3:$V$159,"PASS") -> 0 | E15: =COUNTIFS('TEST-CASE'!$K$3:$K$159,"HU-4.3",'TEST-CASE'!$V$3:$V$159,"FAIL") -> 0 | F15: =COUNTIFS('TEST-CASE'!$K$3:$K$159,"HU-4.3",'TEST-CASE'!$V$3:$V$159,"BLOCKED") -> 0
A16: FASE C — HU-2.3 — No conformidades / retrabajo | B16: =COUNTIF('TEST-CASE'!$K$3:$K$159,"HU-2.3") -> 8 | C16: =COUNTIFS('TEST-CASE'!$K$3:$K$159,"HU-2.3",'TEST-CASE'!$V$3:$V$159,"NOT RUN") -> 8 | D16: =COUNTIFS('TEST-CASE'!$K$3:$K$159,"HU-2.3",'TEST-CASE'!$V$3:$V$159,"PASS") -> 0 | E16: =COUNTIFS('TEST-CASE'!$K$3:$K$159,"HU-2.3",'TEST-CASE'!$V$3:$V$159,"FAIL") -> 0 | F16: =COUNTIFS('TEST-CASE'!$K$3:$K$159,"HU-2.3",'TEST-CASE'!$V$3:$V$159,"BLOCKED") -> 0
A17: FASE C — HU-1.4 — Despacho / Entrega | B17: =COUNTIF('TEST-CASE'!$K$3:$K$159,"HU-1.4") -> 7 | C17: =COUNTIFS('TEST-CASE'!$K$3:$K$159,"HU-1.4",'TEST-CASE'!$V$3:$V$159,"NOT RUN") -> 7 | D17: =COUNTIFS('TEST-CASE'!$K$3:$K$159,"HU-1.4",'TEST-CASE'!$V$3:$V$159,"PASS") -> 0 | E17: =COUNTIFS('TEST-CASE'!$K$3:$K$159,"HU-1.4",'TEST-CASE'!$V$3:$V$159,"FAIL") -> 0 | F17: =COUNTIFS('TEST-CASE'!$K$3:$K$159,"HU-1.4",'TEST-CASE'!$V$3:$V$159,"BLOCKED") -> 0
A18: FASE D — HU-1.2 — Buscar órdenes / expediente completo | B18: =COUNTIF('TEST-CASE'!$K$3:$K$159,"HU-1.2") -> 12 | C18: =COUNTIFS('TEST-CASE'!$K$3:$K$159,"HU-1.2",'TEST-CASE'!$V$3:$V$159,"NOT RUN") -> 12 | D18: =COUNTIFS('TEST-CASE'!$K$3:$K$159,"HU-1.2",'TEST-CASE'!$V$3:$V$159,"PASS") -> 0 | E18: =COUNTIFS('TEST-CASE'!$K$3:$K$159,"HU-1.2",'TEST-CASE'!$V$3:$V$159,"FAIL") -> 0 | F18: =COUNTIFS('TEST-CASE'!$K$3:$K$159,"HU-1.2",'TEST-CASE'!$V$3:$V$159,"BLOCKED") -> 0
A19: FASE D — HU-5.3 — Vista global de planta | B19: =COUNTIF('TEST-CASE'!$K$3:$K$159,"HU-5.3") -> 8 | C19: =COUNTIFS('TEST-CASE'!$K$3:$K$159,"HU-5.3",'TEST-CASE'!$V$3:$V$159,"NOT RUN") -> 8 | D19: =COUNTIFS('TEST-CASE'!$K$3:$K$159,"HU-5.3",'TEST-CASE'!$V$3:$V$159,"PASS") -> 0 | E19: =COUNTIFS('TEST-CASE'!$K$3:$K$159,"HU-5.3",'TEST-CASE'!$V$3:$V$159,"FAIL") -> 0 | F19: =COUNTIFS('TEST-CASE'!$K$3:$K$159,"HU-5.3",'TEST-CASE'!$V$3:$V$159,"BLOCKED") -> 0
A20: FASE D — HU-5.4 — Vista global de Calidad | B20: =COUNTIF('TEST-CASE'!$K$3:$K$159,"HU-5.4") -> 9 | C20: =COUNTIFS('TEST-CASE'!$K$3:$K$159,"HU-5.4",'TEST-CASE'!$V$3:$V$159,"NOT RUN") -> 9 | D20: =COUNTIFS('TEST-CASE'!$K$3:$K$159,"HU-5.4",'TEST-CASE'!$V$3:$V$159,"PASS") -> 0 | E20: =COUNTIFS('TEST-CASE'!$K$3:$K$159,"HU-5.4",'TEST-CASE'!$V$3:$V$159,"FAIL") -> 0 | F20: =COUNTIFS('TEST-CASE'!$K$3:$K$159,"HU-5.4",'TEST-CASE'!$V$3:$V$159,"BLOCKED") -> 0
A21: FASE A — E2E principal | B21: =COUNTIF('TEST-CASE'!$H$3:$H$156,"E2E-A-01") -> 1 | C21: =COUNTIFS('TEST-CASE'!$H$3:$H$156,"E2E-A-01",'TEST-CASE'!$V$3:$V$156,"NOT RUN") -> 0 | D21: =COUNTIFS('TEST-CASE'!$H$3:$H$156,"E2E-A-01",'TEST-CASE'!$V$3:$V$156,"PASS") -> 1 | E21: =COUNTIFS('TEST-CASE'!$H$3:$H$156,"E2E-A-01",'TEST-CASE'!$V$3:$V$156,"FAIL") -> 0 | F21: =COUNTIFS('TEST-CASE'!$H$3:$H$156,"E2E-A-01",'TEST-CASE'!$V$3:$V$156,"BLOCKED") -> 0
A22: FASE A — E2E negativos | B22: =COUNTIF('TEST-CASE'!$H$3:$H$156,"E2E-A-NEG-*") -> 4 | C22: =COUNTIFS('TEST-CASE'!$H$3:$H$156,"E2E-A-NEG-*",'TEST-CASE'!$V$3:$V$156,"NOT RUN") -> 0 | D22: =COUNTIFS('TEST-CASE'!$H$3:$H$156,"E2E-A-NEG-*",'TEST-CASE'!$V$3:$V$156,"PASS") -> 4 | E22: =COUNTIFS('TEST-CASE'!$H$3:$H$156,"E2E-A-NEG-*",'TEST-CASE'!$V$3:$V$156,"FAIL") -> 0 | F22: =COUNTIFS('TEST-CASE'!$H$3:$H$156,"E2E-A-NEG-*",'TEST-CASE'!$V$3:$V$156,"BLOCKED") -> 0
A23: FASE B — E2E principal | B23: =COUNTIF('TEST-CASE'!$H$3:$H$156,"E2E-B-01") -> 1 | C23: =COUNTIFS('TEST-CASE'!$H$3:$H$156,"E2E-B-01",'TEST-CASE'!$V$3:$V$156,"NOT RUN") -> 0 | D23: =COUNTIFS('TEST-CASE'!$H$3:$H$156,"E2E-B-01",'TEST-CASE'!$V$3:$V$156,"PASS") -> 1 | E23: =COUNTIFS('TEST-CASE'!$H$3:$H$156,"E2E-B-01",'TEST-CASE'!$V$3:$V$156,"FAIL") -> 0 | F23: =COUNTIFS('TEST-CASE'!$H$3:$H$156,"E2E-B-01",'TEST-CASE'!$V$3:$V$156,"BLOCKED") -> 0
A24: FASE B — E2E negativos | B24: =COUNTIF('TEST-CASE'!$H$3:$H$156,"E2E-B-NEG-*") -> 4 | C24: =COUNTIFS('TEST-CASE'!$H$3:$H$156,"E2E-B-NEG-*",'TEST-CASE'!$V$3:$V$156,"NOT RUN") -> 0 | D24: =COUNTIFS('TEST-CASE'!$H$3:$H$156,"E2E-B-NEG-*",'TEST-CASE'!$V$3:$V$156,"PASS") -> 4 | E24: =COUNTIFS('TEST-CASE'!$H$3:$H$156,"E2E-B-NEG-*",'TEST-CASE'!$V$3:$V$156,"FAIL") -> 0 | F24: =COUNTIFS('TEST-CASE'!$H$3:$H$156,"E2E-B-NEG-*",'TEST-CASE'!$V$3:$V$156,"BLOCKED") -> 0
A25: FASE C — E2E principal | B25: =COUNTIF('TEST-CASE'!$H$3:$H$156,"E2E-C-01") -> 1 | C25: =COUNTIFS('TEST-CASE'!$H$3:$H$156,"E2E-C-01",'TEST-CASE'!$V$3:$V$156,"NOT RUN") -> 1 | D25: =COUNTIFS('TEST-CASE'!$H$3:$H$156,"E2E-C-01",'TEST-CASE'!$V$3:$V$156,"PASS") -> 0 | E25: =COUNTIFS('TEST-CASE'!$H$3:$H$156,"E2E-C-01",'TEST-CASE'!$V$3:$V$156,"FAIL") -> 0 | F25: =COUNTIFS('TEST-CASE'!$H$3:$H$156,"E2E-C-01",'TEST-CASE'!$V$3:$V$156,"BLOCKED") -> 0
A26: FASE C — E2E negativos | B26: =COUNTIF('TEST-CASE'!$H$3:$H$156,"E2E-C-NEG-*") -> 5 | C26: =COUNTIFS('TEST-CASE'!$H$3:$H$156,"E2E-C-NEG-*",'TEST-CASE'!$V$3:$V$156,"NOT RUN") -> 5 | D26: =COUNTIFS('TEST-CASE'!$H$3:$H$156,"E2E-C-NEG-*",'TEST-CASE'!$V$3:$V$156,"PASS") -> 0 | E26: =COUNTIFS('TEST-CASE'!$H$3:$H$156,"E2E-C-NEG-*",'TEST-CASE'!$V$3:$V$156,"FAIL") -> 0 | F26: =COUNTIFS('TEST-CASE'!$H$3:$H$156,"E2E-C-NEG-*",'TEST-CASE'!$V$3:$V$156,"BLOCKED") -> 0
A27: FASE D — E2E principal | B27: =COUNTIF('TEST-CASE'!$H$3:$H$156,"E2E-D-01") -> 0 | C27: =COUNTIFS('TEST-CASE'!$H$3:$H$156,"E2E-D-01",'TEST-CASE'!$V$3:$V$156,"NOT RUN") -> 0 | D27: =COUNTIFS('TEST-CASE'!$H$3:$H$156,"E2E-D-01",'TEST-CASE'!$V$3:$V$156,"PASS") -> 0 | E27: =COUNTIFS('TEST-CASE'!$H$3:$H$156,"E2E-D-01",'TEST-CASE'!$V$3:$V$156,"FAIL") -> 0 | F27: =COUNTIFS('TEST-CASE'!$H$3:$H$156,"E2E-D-01",'TEST-CASE'!$V$3:$V$156,"BLOCKED") -> 0
A28: FASE D — E2E negativos | B28: =COUNTIF('TEST-CASE'!$H$3:$H$156,"E2E-D-NEG-*") -> 0 | C28: =COUNTIFS('TEST-CASE'!$H$3:$H$156,"E2E-D-NEG-*",'TEST-CASE'!$V$3:$V$156,"NOT RUN") -> 0 | D28: =COUNTIFS('TEST-CASE'!$H$3:$H$156,"E2E-D-NEG-*",'TEST-CASE'!$V$3:$V$156,"PASS") -> 0 | E28: =COUNTIFS('TEST-CASE'!$H$3:$H$156,"E2E-D-NEG-*",'TEST-CASE'!$V$3:$V$156,"FAIL") -> 0 | F28: =COUNTIFS('TEST-CASE'!$H$3:$H$156,"E2E-D-NEG-*",'TEST-CASE'!$V$3:$V$156,"BLOCKED") -> 0
A29: TOTAL FASE A | B29: =COUNTIF('TEST-CASE'!$H$3:$H$156,"*-A-*") -> 51 | C29: =COUNTIFS('TEST-CASE'!$H$3:$H$156,"*-A-*",'TEST-CASE'!$V$3:$V$156,"NOT RUN") -> 0 | D29: =COUNTIFS('TEST-CASE'!$H$3:$H$156,"*-A-*",'TEST-CASE'!$V$3:$V$156,"PASS") -> 49 | E29: =COUNTIFS('TEST-CASE'!$H$3:$H$156,"*-A-*",'TEST-CASE'!$V$3:$V$156,"FAIL") -> 2 | F29: =COUNTIFS('TEST-CASE'!$H$3:$H$156,"*-A-*",'TEST-CASE'!$V$3:$V$156,"BLOCKED") -> 0
A30: TOTAL FASE B | B30: =COUNTIF('TEST-CASE'!$H$3:$H$156,"*-B-*") -> 36 | C30: =COUNTIFS('TEST-CASE'!$H$3:$H$156,"*-B-*",'TEST-CASE'!$V$3:$V$156,"NOT RUN") -> 0 | D30: =COUNTIFS('TEST-CASE'!$H$3:$H$156,"*-B-*",'TEST-CASE'!$V$3:$V$156,"PASS") -> 36 | E30: =COUNTIFS('TEST-CASE'!$H$3:$H$156,"*-B-*",'TEST-CASE'!$V$3:$V$156,"FAIL") -> 0 | F30: =COUNTIFS('TEST-CASE'!$H$3:$H$156,"*-B-*",'TEST-CASE'!$V$3:$V$156,"BLOCKED") -> 0
A31: TOTAL FASE C | B31: =COUNTIF('TEST-CASE'!$H$3:$H$156,"*-C-*") -> 40 | C31: =COUNTIFS('TEST-CASE'!$H$3:$H$156,"*-C-*",'TEST-CASE'!$V$3:$V$156,"NOT RUN") -> 40 | D31: =COUNTIFS('TEST-CASE'!$H$3:$H$156,"*-C-*",'TEST-CASE'!$V$3:$V$156,"PASS") -> 0 | E31: =COUNTIFS('TEST-CASE'!$H$3:$H$156,"*-C-*",'TEST-CASE'!$V$3:$V$156,"FAIL") -> 0 | F31: =COUNTIFS('TEST-CASE'!$H$3:$H$156,"*-C-*",'TEST-CASE'!$V$3:$V$156,"BLOCKED") -> 0
A32: TOTAL FASE D | B32: =COUNTIF('TEST-CASE'!$H$3:$H$156,"*-D-*") -> 27 | C32: =COUNTIFS('TEST-CASE'!$H$3:$H$156,"*-D-*",'TEST-CASE'!$V$3:$V$156,"NOT RUN") -> 27 | D32: =COUNTIFS('TEST-CASE'!$H$3:$H$156,"*-D-*",'TEST-CASE'!$V$3:$V$156,"PASS") -> 0 | E32: =COUNTIFS('TEST-CASE'!$H$3:$H$156,"*-D-*",'TEST-CASE'!$V$3:$V$156,"FAIL") -> 0 | F32: =COUNTIFS('TEST-CASE'!$H$3:$H$156,"*-D-*",'TEST-CASE'!$V$3:$V$156,"BLOCKED") -> 0
A33: TOTAL GENERAL A-D | B33: =COUNTA('TEST-CASE'!$H$3:$H$156) -> 154 | C33: =COUNTIF('TEST-CASE'!$V$3:$V$156,"NOT RUN") -> 67 | D33: =COUNTIF('TEST-CASE'!$V$3:$V$156,"PASS") -> 85 | E33: =COUNTIF('TEST-CASE'!$V$3:$V$156,"FAIL") -> 2 | F33: =COUNTIF('TEST-CASE'!$V$3:$V$156,"BLOCKED") -> 0
A36: Casos por prioridad | B36: Casos
A37: CRITICAL | B37: =COUNTIF('TEST-CASE'!$N$3:$N$156,"CRITICAL") -> 36
A38: HIGH | B38: =COUNTIF('TEST-CASE'!$N$3:$N$156,"HIGH") -> 42
A39: MEDIUM | B39: =COUNTIF('TEST-CASE'!$N$3:$N$156,"MEDIUM") -> 76
A40: LOW | B40: =COUNTIF('TEST-CASE'!$N$3:$N$156,"LOW") -> 0
A42: Casos por tipo | B42: Casos
A43: FUNCTIONAL | B43: =COUNTIF('TEST-CASE'!$O$3:$O$156,"FUNCTIONAL") -> 107
A44: NEGATIVE | B44: =COUNTIF('TEST-CASE'!$O$3:$O$156,"NEGATIVE") -> 15
A45: VALIDATION | B45: =COUNTIF('TEST-CASE'!$O$3:$O$156,"VALIDATION") -> 3
A46: INTEGRATION | B46: =COUNTIF('TEST-CASE'!$O$3:$O$156,"INTEGRATION") -> 10
A47: E2E | B47: =COUNTIF('TEST-CASE'!$O$3:$O$156,"E2E") -> 18
A48: REGRESSION | B48: =COUNTIF('TEST-CASE'!$O$3:$O$156,"REGRESSION") -> 0
A49: SECURITY | B49: =COUNTIF('TEST-CASE'!$O$3:$O$156,"SECURITY") -> 0
A51: CONTROL DE FASES
A52: Fase | B52: Casos | C52: NOT RUN
A53: Fase A | B53: 51 | C53: NOT RUN
A54: Fase B | B54: 36 | C54: NOT RUN
A55: Fase C | B55: 40 | C55: NOT RUN
A56: Fase D | B56: 30 | C56: NOT RUN
A57: TOTAL MVP | B57: 157 | C57: NOT RUN

Sheet CONTROL_PROYECTO
A1: QualityTrack — Control de alineación de la matriz con el proyecto
A2: Resultado | B2: Baseline por fases = 157 casos ejecutables.
A3: La baseline se contrastó con PRD V2, Backlog V2, DB V2, Análisis QA, flujo unificado, auditoría 25/09, PM y PRs relevantes. Los casos retirados se preservan en NO_BASELINE.
A4: FUENTE / REFERENCIA | B4: USO | C4: RESULTADO
A5: PRD V2 | B5: Flujo, roles, estados, alcance y reglas. | C5: ALINEADO
A6: Backlog V2 | B6: 17 HUs activas; HU-5.2 eliminada; criterios de aceptación. | C6: ALINEADO
A7: DB V2 | B7: Integridad, estados, CUIT, adjuntos y trazabilidad. | C7: ALINEADO
A8: Análisis Funcional QA v2 | B8: Base para escenarios, E2E y reglas transversales. | C8: ALINEADO
A9: PR #202 | B9: Formaliza D-1 a D-6 en documentación. | C9: INCORPORADO
A10: PR #160 / #161 / #188 | B10: D-4: CUIT único y datos obligatorios. | C10: INCORPORADO
A11: PR #199 | B11: D-6: adjuntos en BD, 10 MB, visualización. | C11: INCORPORADO
A12: PR #201 | B12: D-5: fases con operadores habilitados. | C12: INCORPORADO
A13: PR #228 | B13: Actualización PM de la matriz Fase A y cambios del 25/09. | C13: CONSIDERADO / HISTÓRICO
A14: Issue #105 / PR #106 | B14: Antecedente de diseño de matriz Fase A. | C14: PRESERVADO
A17: CONTROL DE FASES
A18: Fase | B18: Casos baseline | C18: Casos derivados | D18: Total
A19: Fase A | B19: 51 | C19: 0 | D19: 51
A20: Fase B | B20: 36 | C20: 0 | D20: 36
A21: Fase C | B21: 40 | C21: 0 | D21: 40
A22: Fase D | B22: 30 | C22: 0 | D22: 30
A23: TOTAL | B23: 157 | C23: 0 | D23: 157
A25: CAMBIOS / DECISIONES | B25: DETALLE
A26: A-1 | B26: E2E-A-NEG-04 no está en el Excel actual y no se reutiliza. | C26: D-5 lo eliminó del alcance; no se incorpora.
A27: D-1 | B27: Se retiraron E2E-D-NEG-01 a 04 de la baseline. | C27: Son negativos QA adicionales válidos, pero no forman parte de los 30 casos base de Fase D; quedan preservados en NO_BASELINE.
A28: D-2 | B28: Se agregaron TC-D-1.2-09 a 12. | C28: Faltaban en el Excel y están en la matriz funcional vigente.
A29: D-3 | B29: Se agregó TC-D-5.3-08. | C29: Faltaba en el Excel y está en la matriz funcional vigente.
A30: D-4 | B30: Se agregó TC-D-5.4-09. | C30: Faltaba en el Excel y está en la matriz funcional vigente.
A31: Ejecución | B31: Todos los casos permanecen NOT RUN. | C31: Result, Evidence, Defect ID y Severity quedan para la ejecución real.

Sheet NO_BASELINE
A1: ID TC | B1: Fase | C1: Decisión | D1: Motivo | E1: Uso futuro
A2: E2E-D-NEG-01 | B2: D | C2: NO BASELINE | D2: Consulta de OT inexistente: negativo QA adicional, no incluido en los 30 casos base de Fase D. | E2: Candidato para regresión/negativos.
A3: E2E-D-NEG-02 | B3: D | C3: NO BASELINE | D3: Inconsistencia expediente vs vista global: negativo QA adicional. | E3: Candidato para regresión/integración.
A4: E2E-D-NEG-03 | B4: D | C4: NO BASELINE | D4: Indicadores sin datos suficientes: negativo QA adicional. | E4: Candidato para validación de datos.
A5: E2E-D-NEG-04 | B5: D | C5: NO BASELINE | D5: Mezcla de datos entre órdenes: negativo QA adicional. | E5: Candidato para integridad/segregación.
A6: E2E-A-NEG-04 | B6: A | C6: ELIMINADO | D6: D-5: una fase no puede crearse sin operadores habilitados. El escenario dejó de ser válido; el ID no se reutiliza. | E6: Solo referencia histórica.

Sheet TRAZABILIDAD
A1: ID TC | B1: Alineación | C1: Fuente principal | D1: PR / decisión | E1: Observación
A2: TC-A-1.1-01 | B2: OFICIAL | C2: HU-1.1 / D-4 | D2: PR #160 + #161 + #188 + #202 | E2: Datos obligatorios y CUIT único.
A3: TC-A-1.1-02 | B3: OFICIAL / BASELINE | C3: PRD V2 + Backlog V2 + DB V2 + QA | D3: Según HU/fase | E3: Caso base de ejecución.
A4: TC-A-1.1-03 | B4: OFICIAL | C4: HU-1.1 / D-4 | D4: PR #160 + #161 + #188 + #202 | E4: Datos obligatorios y CUIT único.
A5: TC-A-1.1-04 | B5: OFICIAL | C5: HU-1.1 / D-4 | D5: PR #160 + #161 + #188 + #202 | E5: Datos obligatorios y CUIT único.
A6: TC-A-1.1-05 | B6: OFICIAL / BASELINE | C6: PRD V2 + Backlog V2 + DB V2 + QA | D6: Según HU/fase | E6: Caso base de ejecución.
A7: TC-A-1.1-06 | B7: OFICIAL / BASELINE | C7: PRD V2 + Backlog V2 + DB V2 + QA | D7: Según HU/fase | E7: Caso base de ejecución.
A8: TC-A-1.1-07 | B8: OFICIAL / BASELINE | C8: PRD V2 + Backlog V2 + DB V2 + QA | D8: Según HU/fase | E8: Caso base de ejecución.
A9: TC-A-1.1-08 | B9: OFICIAL / BASELINE | C9: PRD V2 + Backlog V2 + DB V2 + QA | D9: Según HU/fase | E9: Caso base de ejecución.
A10: TC-A-1.1-09 | B10: OFICIAL / BASELINE | C10: PRD V2 + Backlog V2 + DB V2 + QA | D10: Según HU/fase | E10: Caso base de ejecución.
A11: TC-A-1.1-10 | B11: OFICIAL / BASELINE | C11: PRD V2 + Backlog V2 + DB V2 + QA | D11: Según HU/fase | E11: Caso base de ejecución.
A12: TC-A-1.1-11 | B12: OFICIAL / BASELINE | C12: PRD V2 + Backlog V2 + DB V2 + QA | D12: Según HU/fase | E12: Caso base de ejecución.
... A158: E2E-D-01 | B158: OFICIAL / BASELINE | C158: PRD V2 + Backlog V2 + DB V2 + QA | D158: Según HU/fase | E158: Caso base de ejecución.
